日期,产品,渠道号,渠道名称,渠道商店,新增,1日留存,7日留存
2021-01-01,降温精灵,700156,今日头条-云锐,信息流,1,100.00%,100.00%
2021-01-01,降温精灵,700568,橙芯科技,联盟,3,66.67%,0.00%
2021-01-01,降温精灵,700006,百度-降温精灵,三方市场,1,None,None
2021-01-01,降温精灵,700491,优优互联,信息流,3,None,None
2021-01-01,降温精灵,700626,快手-天拓,信息流,1,None,None
2021-01-01,降温精灵,700000,应用宝-降温精灵,三方市场,56,62.50%,21.43%
2021-01-01,降温精灵,700273,今日头条-优联达,信息流,6,33.33%,33.33%
2021-01-01,降温精灵,700205,广点通-辉煌明天,信息流,1,None,None
2021-01-01,降温精灵,700585,今日头条-舜风,信息流,1,None,None
2021-01-01,降温精灵,700008,魅族-降温精灵,厂商商店免费,279,48.39%,16.85%
2021-01-01,降温精灵,700493,今日头条-舜风,信息流,1,None,None
2021-01-01,降温精灵,700628,快手-天拓,信息流,1,None,None
2021-01-01,降温精灵,700002,小米-降温精灵,厂商商店免费,111,51.35%,25.23%
2021-01-01,降温精灵,700274,今日头条-优联达,信息流,2,None,None
2021-01-01,降温精灵,700591,今日头条-舜风,信息流,2,50.00%,0.00%
2021-01-01,降温精灵,700238,今日头条-辉煌明天,信息流,1,None,None
2021-01-01,降温精灵,700042,今日头条-辉煌明天,信息流,2,None,None
2021-01-01,降温精灵,700499,今日头条-舜风,信息流,8,12.50%,0.00%
2021-01-01,降温精灵,700633,小米-微创,信息流,2,None,None
2021-01-01,降温精灵,700003,华为-降温精灵,厂商商店免费,144,52.78%,22.22%
2021-01-01,降温精灵,700342,广点通—贝壳,信息流,1,None,None
2021-01-01,降温精灵,700618,小米-微创,信息流,1,None,None
2021-01-01,降温精灵,700241,今日头条-优联达,信息流,3,None,None
2021-01-01,降温精灵,700080,广点通-西藏亦复,信息流,1,None,None
2021-01-01,降温精灵,700534,魅族-星火,信息流,21,38.10%,28.57%
2021-01-01,降温精灵,700635,优优互联,信息流,1,None,None
2021-01-01,降温精灵,700004,oppo-降温精灵,厂商商店免费,333,63.06%,30.93%
2021-01-01,降温精灵,700345,广点通—贝壳,信息流,1,None,None
2021-01-01,降温精灵,700619,小米-微创,信息流,7,14.29%,0.00%
2021-01-01,降温精灵,700244,今日头条-优联达,信息流,5,20.00%,0.00%
2021-01-01,降温精灵,700082,广点通-西藏亦复,信息流,1,None,None
2021-01-01,降温精灵,700567,橙芯科技,联盟,9,44.44%,11.11%
2021-01-01,降温精灵,700648,小米-微创,信息流,1,None,None
2021-01-01,降温精灵,700005,vivo-降温精灵,厂商商店免费,105,56.19%,18.10%
2021-01-01,降温精灵,700489,优优互联,信息流,15,26.67%,6.67%
2021-01-01,降温精灵,700623,橙芯科技,联盟,1,None,None
2021-01-01,降温精灵,all,None,None,1133,52.69%,22.24%
2021-01-01,降温精灵,700245,今日头条-优联达,信息流,1,None,None
2021-01-01,降温神器,50000015,广点通-优联达,信息流,11,27.27%,18.18%
2021-01-01,降温神器,50000005,魅族商店,厂商商店,64,45.31%,9.38%
2021-01-01,降温神器,50000074,内推测试,内推,7,28.57%,28.57%
2021-01-01,降温神器,50000018,今日头条-天拓,信息流,6,50.00%,16.67%
2021-01-01,降温神器,50000007,头条-傲屹,信息流,13,30.77%,15.38%
2021-01-01,降温神器,all,None,None,546,52.93%,23.63%
2021-01-01,降温神器,50000075,内推测试,内推,20,50.00%,35.00%
2021-01-01,降温神器,50000022,广点通-优联达,信息流,1,None,None
2021-01-01,降温神器,50000008,头条-傲屹,信息流,2,0.00%,0.00%
2021-01-01,降温神器,50000000,腾讯应用宝,厂商商店,13,46.15%,38.46%
2021-01-01,降温神器,50000091,今日头条-鲲鹏,信息流,1,100.00%,0.00%
2021-01-01,降温神器,50000023,今日头条-辉煌明天,信息流,1,100.00%,0.00%
2021-01-01,降温神器,50000013,今日头条-鲲鹏,信息流,1,100.00%,100.00%
2021-01-01,降温神器,50000002,小米商店,厂商商店,34,44.12%,14.71%
2021-01-01,降温神器,50000095,魅族-优优互联,信息流,2,50.00%,0.00%
2021-01-01,降温神器,50000038,魅族-优优互联,信息流,2,None,None
2021-01-01,降温神器,50000014,今日头条-鲲鹏,信息流,2,100.00%,100.00%
2021-01-01,降温神器,50000003,oppo,厂商商店,291,59.79%,29.21%
2021-01-01,降温神器,50000067,cm内推马甲包,内推,75,49.33%,14.67%
2021-01-01,超强降温神器,11000015,今日头条-鲲鹏,信息流,717,38.63%,10.04%
2021-01-01,超强降温神器,11000005,魅族商店,厂商商店,635,33.70%,7.56%
2021-01-01,超强降温神器,11000016,今日头条-鲲鹏,信息流,674,41.10%,10.98%
2021-01-01,超强降温神器,11000008,今日头条-哇棒,信息流,365,20.55%,3.01%
2021-01-01,超强降温神器,11000032,今日头条-鲲鹏,信息流,8,100.00%,0.00%
2021-01-01,超强降温神器,11000011,今日头条-维度,信息流,248,27.02%,9.27%
2021-01-01,超强降温神器,11000033,今日头条-鲲鹏,信息流,396,41.41%,9.09%
2021-01-01,超强降温神器,11000013,魅族-星火,信息流,1769,20.63%,3.96%
2021-01-01,超强降温神器,all,None,None,7122,39.74%,13.25%
2021-01-01,超强降温神器,11000039,今日头条-总包,信息流,8,None,None
2021-01-01,超强降温神器,11000014,今日头条-鲲鹏,信息流,6,None,None
2021-01-01,超强降温神器,11000002,oppo,厂商商店,2291,60.06%,26.32%
2021-01-01,超强降温大师,10000012,魅族商店,厂商商店,66,45.45%,12.12%
2021-01-01,超强降温大师,10000026,魅族-星火,信息流,7,None,None
2021-01-01,超强降温大师,all,None,None,111,46.85%,18.02%
2021-01-01,超强降温大师,10000009,oppo,厂商商店,30,63.33%,36.67%
2021-01-01,每天清理极速版,13000015,今日头条-鲲鹏,信息流,3142,32.15%,7.22%
2021-01-01,每天清理极速版,all,None,None,5912,31.11%,6.65%
2021-01-01,每天清理极速版,13000019,魅族-星火,信息流,1964,30.70%,6.47%
2021-01-01,每天清理极速版,13000000,华为,厂商商店,350,24.00%,4.86%
2021-01-01,每天清理极速版,13000001,小米商店,厂商商店,184,40.76%,7.07%
2021-01-01,每天清理极速版,13000005,魅族商店,厂商商店,265,24.53%,3.40%
2021-01-01,每天清理极速版,13000014,今日头条-鲲鹏,信息流,7,None,None
2021-01-01,每天清理,60000037,今日头条-鲲鹏,信息流,1,100.00%,0.00%
2021-01-01,每天清理,60000020,头条-傲屹,信息流,1,0.00%,100.00%
2021-01-01,每天清理,60000079,魅族商店,厂商商店,5,20.00%,0.00%
2021-01-01,每天清理,60000021,头条-傲屹,信息流,1,100.00%,100.00%
2021-01-01,每天清理,all,None,None,152,47.37%,23.68%
2021-01-01,每天清理,60000027,内推测试,内推,42,42.86%,11.90%
2021-01-01,每天清理,60000000,腾讯应用宝,厂商商店,3,66.67%,0.00%
2021-01-01,每天清理,60000028,内推测试,内推,57,52.63%,24.56%
2021-01-01,每天清理,60000002,oppo,厂商商店,39,46.15%,35.90%
2021-01-01,每天清理,60000034,今日头条-鲲鹏,信息流,1,100.00%,0.00%
2021-01-01,每天清理,60000011,今日头条-优联达,信息流,2,0.00%,50.00%
2021-01-01,极速降温大师,80006,头条-傲屹,信息流,2,None,None
2021-01-01,极速降温大师,80007,头条-傲屹,信息流,3,None,None
2021-01-01,极速降温大师,80034,今日头条-辉煌明天,信息流,1,None,None
2021-01-01,极速降温大师,all,None,None,68,45.59%,17.65%
2021-01-01,极速降温大师,80045,今日头条-鲲鹏,信息流,2,50.00%,0.00%
2021-01-01,极速降温大师,80000,oppo,厂商商店,2,100.00%,0.00%
2021-01-01,极速降温大师,80002,华为,厂商商店,58,48.28%,20.69%
2021-01-01,暖阳天气,14000004,魅族商店,厂商商店,1,None,None
2021-01-01,暖阳天气,14000010,今日头条-鲲鹏,信息流,1,None,None
2021-01-01,暖阳天气,all,None,None,8,25.00%,12.50%
2021-01-01,暖阳天气,14000001,小米商店,厂商商店,1,100.00%,0.00%
2021-01-01,暖阳天气,14000002,oppo,厂商商店,3,33.33%,33.33%
2021-01-01,暖阳天气,14000003,vivo商店,厂商商店,2,None,None
2021-01-01,手机加速精灵,all,None,None,4918,27.17%,5.82%
2021-01-01,手机加速精灵,12000002,oppo,厂商商店,14,42.86%,0.00%
2021-01-01,手机加速精灵,12000005,魅族商店,厂商商店,536,34.70%,7.28%
2021-01-01,手机加速精灵,12000007,魅族-星火,信息流,4356,26.19%,5.60%
2021-01-01,手机加速精灵,12000021,今日头条-鲲鹏,信息流,8,None,None
2021-01-01,急速安全大师,all,None,None,3305,27.26%,6.66%
2021-01-01,急速安全大师,90016,魅族商店,厂商商店,259,25.87%,7.72%
2021-01-01,急速安全大师,90027,魅族-星火,信息流,2183,26.07%,6.73%
2021-01-01,急速安全大师,90032,今日头条-鲲鹏,信息流,6,None,None
2021-01-01,急速安全大师,90033,今日头条-鲲鹏,信息流,852,30.52%,6.10%
2021-01-01,垃圾清理大师,300000,华为-垃圾清理,厂商商店免费,120,40.83%,19.17%
2021-01-01,垃圾清理大师,300466,魅族-星火,信息流,7,14.29%,0.00%
2021-01-01,垃圾清理大师,300202,广点通—贝壳,信息流,1,0.00%,100.00%
2021-01-01,垃圾清理大师,300001,小米-垃圾清理,厂商商店免费,14,57.14%,21.43%
2021-01-01,垃圾清理大师,300468,魅族-星火,信息流,3,None,None
2021-01-01,垃圾清理大师,300210,广点通—贝壳,信息流,1,None,None
2021-01-01,垃圾清理大师,300002,oppo-垃圾清理,厂商商店免费,37,59.46%,24.32%
2021-01-01,垃圾清理大师,300480,内推测试,内推,58,44.83%,24.14%
2021-01-01,垃圾清理大师,300220,广点通—贝壳,信息流,1,None,None
2021-01-01,垃圾清理大师,300004,魅族-垃圾清理,厂商商店免费,22,36.36%,0.00%
2021-01-01,垃圾清理大师,all,,None,368,40.76%,16.58%
2021-01-01,垃圾清理大师,300365,广点通—贝壳,信息流,2,None,None
2021-01-01,垃圾清理大师,300077,应用宝-垃圾清理,三方市场,92,33.70%,10.87%
2021-01-01,垃圾清理大师,300373,橙芯科技,运营商,8,50.00%,12.50%
2021-01-01,垃圾清理大师,300090,广点通-西藏亦复,信息流,2,50.00%,0.00%
2021-01-01,加速大师,all,None,None,8,37.50%,0.00%
2021-01-01,加速大师,40000,小米商店,厂商商店,2,50.00%,0.00%
2021-01-01,加速大师,40002,魅族商店,厂商商店,1,100.00%,0.00%
2021-01-01,加速大师,40004,腾讯应用宝,三方市场,2,0.00%,0.00%
2021-01-01,加速大师,40027,今日头条-优联达,信息流,1,100.00%,0.00%
2021-01-01,加速大师,40028,今日头条-优联达,信息流,2,0.00%,0.00%
2021-01-01,全能清理助手,20007,魅族-星火,信息流,3974,30.02%,6.49%
2021-01-01,全能清理助手,20009,今日头条-哇棒,信息流,943,32.98%,6.04%
2021-01-01,全能清理助手,20020,今日头条-鲲鹏,信息流,696,35.78%,8.05%
2021-01-01,全能清理助手,all,None,None,7326,33.31%,7.51%
2021-01-01,全能清理助手,20038,今日头条-总包,信息流,702,36.61%,8.12%
2021-01-01,全能清理助手,20002,oppo,厂商商店,56,35.71%,0.00%
2021-01-01,全能清理助手,20005,魅族商店,厂商商店,950,42.95%,12.32%
2021-01-02,降温精灵,700003,华为-降温精灵,厂商商店免费,123,44.72%,23.58%
2021-01-02,降温精灵,700245,今日头条-优联达,信息流,2,50.00%,0.00%
2021-01-02,降温精灵,all,None,None,999,47.65%,23.62%
2021-01-02,降温精灵,700203,广点通-辉煌明天,信息流,1,100.00%,0.00%
2021-01-02,降温精灵,700618,小米-微创,信息流,1,100.00%,100.00%
2021-01-02,降温精灵,700043,今日头条-云锐,信息流,2,50.00%,50.00%
2021-01-02,降温精灵,700493,今日头条-舜风,信息流,1,100.00%,0.00%
2021-01-02,降温精灵,700004,oppo-降温精灵,厂商商店免费,299,61.54%,36.12%
2021-01-02,降温精灵,700273,今日头条-优联达,信息流,4,25.00%,25.00%
2021-01-02,降温精灵,2010008441,None,None,1,100.00%,0.00%
2021-01-02,降温精灵,700204,广点通-辉煌明天,信息流,1,100.00%,0.00%
2021-01-02,降温精灵,700619,小米-微创,信息流,12,16.67%,25.00%
2021-01-02,降温精灵,700082,广点通-西藏亦复,信息流,1,100.00%,100.00%
2021-01-02,降温精灵,700499,今日头条-舜风,信息流,6,16.67%,50.00%
2021-01-02,降温精灵,700005,vivo-降温精灵,厂商商店免费,93,39.78%,16.13%
2021-01-02,降温精灵,700274,今日头条-优联达,信息流,1,None,None
2021-01-02,降温精灵,2010008447,None,None,1,None,None
2021-01-02,降温精灵,700207,广点通-辉煌明天,信息流,2,100.00%,0.00%
2021-01-02,降温精灵,700623,橙芯科技,联盟,1,100.00%,0.00%
2021-01-02,降温精灵,700089,广点通-辉煌明天,信息流,1,100.00%,0.00%
2021-01-02,降温精灵,700534,魅族-星火,信息流,14,42.86%,28.57%
2021-01-02,降温精灵,700008,魅族-降温精灵,厂商商店免费,272,41.18%,15.07%
2021-01-02,降温精灵,700482,广点通—贝壳,信息流,2,50.00%,0.00%
2021-01-02,降温精灵,700000,应用宝-降温精灵,三方市场,62,35.48%,12.90%
2021-01-02,降温精灵,700241,今日头条-优联达,信息流,1,100.00%,0.00%
2021-01-02,降温精灵,700633,小米-微创,信息流,2,50.00%,0.00%
2021-01-02,降温精灵,700140,橙芯科技,运营商,1,None,None
2021-01-02,降温精灵,700567,橙芯科技,联盟,1,None,None
2021-01-02,降温精灵,700033,今日头条-辉煌明天,信息流,1,100.00%,0.00%
2021-01-02,降温精灵,700489,优优互联,信息流,7,14.29%,28.57%
2021-01-02,降温精灵,700002,小米-降温精灵,厂商商店免费,68,47.06%,23.53%
2021-01-02,降温精灵,700244,今日头条-优联达,信息流,8,25.00%,25.00%
2021-01-02,降温精灵,700201,广点通-辉煌明天,信息流,1,None,None
2021-01-02,降温精灵,700591,今日头条-舜风,信息流,2,100.00%,50.00%
2021-01-02,降温精灵,700039,今日头条-辉煌明天,信息流,1,None,None
2021-01-02,降温精灵,700491,优优互联,信息流,3,100.00%,0.00%
2021-01-02,降温神器,50000008,头条-傲屹,信息流,1,None,None
2021-01-02,降温神器,50000089,今日头条-鲲鹏,信息流,4,50.00%,0.00%
2021-01-02,降温神器,50000000,腾讯应用宝,厂商商店,16,81.25%,31.25%
2021-01-02,降温神器,50000022,广点通-优联达,信息流,2,None,None
2021-01-02,降温神器,50000009,头条-傲屹,信息流,1,None,None
2021-01-02,降温神器,50000095,魅族-优优互联,信息流,1,None,None
2021-01-02,降温神器,50000002,小米商店,厂商商店,33,54.55%,24.24%
2021-01-02,降温神器,50000023,今日头条-辉煌明天,信息流,1,100.00%,100.00%
2021-01-02,降温神器,50000012,今日头条-鲲鹏,信息流,1,None,None
2021-01-02,降温神器,50000003,oppo,厂商商店,280,60.36%,33.93%
2021-01-02,降温神器,50000067,cm内推马甲包,内推,75,44.00%,17.33%
2021-01-02,降温神器,50000015,广点通-优联达,信息流,12,50.00%,16.67%
2021-01-02,降温神器,50000005,魅族商店,厂商商店,48,52.08%,14.58%
2021-01-02,降温神器,50000074,内推测试,内推,9,33.33%,11.11%
2021-01-02,降温神器,50000018,今日头条-天拓,信息流,6,16.67%,16.67%
2021-01-02,降温神器,50000007,头条-傲屹,信息流,16,43.75%,18.75%
2021-01-02,降温神器,50000075,内推测试,内推,20,50.00%,0.00%
2021-01-02,降温神器,all,None,None,528,54.73%,25.76%
2021-01-02,降温神器,50000020,今日头条-天拓,信息流,2,50.00%,0.00%
2021-01-02,超强降温神器,all,None,None,12866,47.13%,16.95%
2021-01-02,超强降温神器,11000014,今日头条-鲲鹏,信息流,8,None,None
2021-01-02,超强降温神器,11000002,oppo,厂商商店,8122,56.86%,22.48%
2021-01-02,超强降温神器,11000015,今日头条-鲲鹏,信息流,426,37.79%,10.80%
2021-01-02,超强降温神器,11000005,魅族商店,厂商商店,638,34.64%,10.03%
2021-01-02,超强降温神器,11000016,今日头条-鲲鹏,信息流,416,48.80%,15.38%
2021-01-02,超强降温神器,11000008,今日头条-哇棒,信息流,467,31.48%,6.00%
2021-01-02,超强降温神器,11000033,今日头条-鲲鹏,信息流,230,44.78%,10.87%
2021-01-02,超强降温神器,11000011,今日头条-维度,信息流,242,35.12%,6.61%
2021-01-02,超强降温神器,11000039,今日头条-总包,信息流,9,None,None
2021-01-02,超强降温神器,11000013,魅族-星火,信息流,2299,22.49%,4.87%
2021-01-02,超强降温大师,10000028,今日头条-鲲鹏,信息流,7,None,None
2021-01-02,超强降温大师,all,None,None,112,43.75%,16.07%
2021-01-02,超强降温大师,10000009,oppo,厂商商店,36,61.11%,22.22%
2021-01-02,超强降温大师,10000012,魅族商店,厂商商店,59,37.29%,10.17%
2021-01-02,每天清理极速版,13000005,魅族商店,厂商商店,251,25.90%,7.57%
2021-01-02,每天清理极速版,13000014,今日头条-鲲鹏,信息流,10,None,None
2021-01-02,每天清理极速版,13000015,今日头条-鲲鹏,信息流,3275,31.69%,7.18%
2021-01-02,每天清理极速版,all,None,None,6162,30.40%,7.38%
2021-01-02,每天清理极速版,13000019,魅族-星火,信息流,2121,29.18%,7.97%
2021-01-02,每天清理极速版,13000000,华为,厂商商店,314,21.34%,4.78%
2021-01-02,每天清理极速版,13000001,小米商店,厂商商店,190,42.63%,7.37%
2021-01-02,每天清理,60000011,今日头条-优联达,信息流,1,None,None
2021-01-02,每天清理,60000028,内推测试,内推,45,53.33%,17.78%
2021-01-02,每天清理,60000013,今日头条-优联达,信息流,1,None,None
2021-01-02,每天清理,60000079,魅族商店,厂商商店,7,14.29%,14.29%
2021-01-02,每天清理,60000015,今日头条-优联达,信息流,1,100.00%,100.00%
2021-01-02,每天清理,all,None,None,145,48.97%,15.86%
2021-01-02,每天清理,60000018,头条-傲屹,信息流,1,None,None
2021-01-02,每天清理,60000000,腾讯应用宝,厂商商店,1,100.00%,0.00%
2021-01-02,每天清理,60000022,头条-傲屹,信息流,1,None,None
2021-01-02,每天清理,60000002,oppo,厂商商店,42,59.52%,11.90%
2021-01-02,每天清理,60000027,内推测试,内推,45,42.22%,17.78%
2021-01-02,极速降温大师,80000,oppo,厂商商店,1,None,None
2021-01-02,极速降温大师,80002,华为,厂商商店,49,34.69%,20.41%
2021-01-02,极速降温大师,80006,头条-傲屹,信息流,1,100.00%,0.00%
2021-01-02,极速降温大师,80007,头条-傲屹,信息流,1,None,None
2021-01-02,极速降温大师,80049,今日头条-为盟,信息流,1,None,None
2021-01-02,极速降温大师,all,None,None,53,33.96%,18.87%
2021-01-02,暖阳天气,14000004,魅族商店,厂商商店,2,None,None
2021-01-02,暖阳天气,all,None,None,21,57.14%,28.57%
2021-01-02,暖阳天气,14000001,小米商店,厂商商店,1,100.00%,100.00%
2021-01-02,暖阳天气,14000002,oppo,厂商商店,15,66.67%,26.67%
2021-01-02,暖阳天气,14000003,vivo商店,厂商商店,3,33.33%,33.33%
2021-01-02,手机加速精灵,all,None,None,4966,28.78%,6.60%
2021-01-02,手机加速精灵,12000002,oppo,厂商商店,25,24.00%,0.00%
2021-01-02,手机加速精灵,12000005,魅族商店,厂商商店,548,34.31%,9.85%
2021-01-02,手机加速精灵,12000007,魅族-星火,信息流,4380,28.08%,6.21%
2021-01-02,手机加速精灵,12000021,今日头条-鲲鹏,信息流,6,None,None
2021-01-02,急速安全大师,all,None,None,3289,30.77%,6.96%
2021-01-02,急速安全大师,90016,魅族商店,厂商商店,244,31.15%,5.33%
2021-01-02,急速安全大师,90027,魅族-星火,信息流,2156,31.08%,7.88%
2021-01-02,急速安全大师,90033,今日头条-鲲鹏,信息流,884,29.86%,5.09%
2021-01-02,垃圾清理大师,300453,优优互联,信息流,1,None,None
2021-01-02,垃圾清理大师,300001,小米-垃圾清理,厂商商店免费,8,25.00%,0.00%
2021-01-02,垃圾清理大师,300217,广点通—贝壳,信息流,1,100.00%,0.00%
2021-01-02,垃圾清理大师,300184,今日头条-辉煌明天,信息流,1,100.00%,0.00%
2021-01-02,垃圾清理大师,300466,魅族-星火,信息流,9,33.33%,11.11%
2021-01-02,垃圾清理大师,300002,oppo-垃圾清理,厂商商店免费,40,45.00%,25.00%
2021-01-02,垃圾清理大师,300218,广点通—贝壳,信息流,1,100.00%,0.00%
2021-01-02,垃圾清理大师,300193,今日头条-优联达,信息流,1,0.00%,0.00%
2021-01-02,垃圾清理大师,300468,魅族-星火,信息流,1,None,None
2021-01-02,垃圾清理大师,300004,魅族-垃圾清理,厂商商店免费,13,30.77%,7.69%
2021-01-02,垃圾清理大师,300327,今日头条-优联达,信息流,1,100.00%,0.00%
2021-01-02,垃圾清理大师,300199,今日头条-优联达,信息流,1,None,None
2021-01-02,垃圾清理大师,300480,内推测试,内推,74,44.59%,17.57%
2021-01-02,垃圾清理大师,300062,今日头条-齐欣,信息流,1,100.00%,0.00%
2021-01-02,垃圾清理大师,300373,橙芯科技,运营商,11,54.55%,18.18%
2021-01-02,垃圾清理大师,300202,广点通—贝壳,信息流,1,None,None
2021-01-02,垃圾清理大师,all,,None,381,43.31%,18.90%
2021-01-02,垃圾清理大师,300077,应用宝-垃圾清理,三方市场,94,41.49%,20.21%
2021-01-02,垃圾清理大师,300436,广点通—贝壳,信息流,1,None,None
2021-01-02,垃圾清理大师,300000,华为-垃圾清理,厂商商店免费,118,45.76%,21.19%
2021-01-02,垃圾清理大师,300211,广点通—贝壳,信息流,1,None,None
2021-01-02,垃圾清理大师,300090,广点通-西藏亦复,信息流,2,50.00%,50.00%
2021-01-02,加速大师,40020,今日头条-天拓,信息流,1,None,None
2021-01-02,加速大师,all,None,None,14,28.57%,0.00%
2021-01-02,加速大师,40022,优优互联,信息流,1,100.00%,0.00%
2021-01-02,加速大师,40000,小米商店,厂商商店,6,50.00%,0.00%
2021-01-02,加速大师,40028,今日头条-优联达,信息流,1,None,None
2021-01-02,加速大师,40002,魅族商店,厂商商店,3,None,None
2021-01-02,加速大师,40004,腾讯应用宝,三方市场,1,None,None
2021-01-02,加速大师,40019,今日头条-天拓,信息流,1,None,None
2021-01-02,全能清理助手,20005,魅族商店,厂商商店,876,39.84%,12.79%
2021-01-02,全能清理助手,20007,魅族-星火,信息流,4412,28.94%,8.07%
2021-01-02,全能清理助手,20009,今日头条-哇棒,信息流,1257,32.70%,6.44%
2021-01-02,全能清理助手,20020,今日头条-鲲鹏,信息流,1384,32.51%,5.78%
2021-01-02,全能清理助手,all,None,None,8456,32.02%,8.14%
2021-01-02,全能清理助手,20038,今日头条-总包,信息流,438,41.32%,9.59%
2021-01-02,全能清理助手,20002,oppo,厂商商店,83,45.78%,19.28%
2021-01-03,降温精灵,700273,今日头条-优联达,信息流,4,50.00%,0.00%
2021-01-03,降温精灵,700648,小米-微创,信息流,1,None,None
2021-01-03,降温精灵,700000,应用宝-降温精灵,三方市场,72,38.89%,16.67%
2021-01-03,降温精灵,700611,内推,内推,1,None,None
2021-01-03,降温精灵,700239,今日头条-辉煌明天,信息流,1,100.00%,0.00%
2021-01-03,降温精灵,700491,优优互联,信息流,2,50.00%,0.00%
2021-01-03,降温精灵,700039,今日头条-辉煌明天,信息流,1,100.00%,0.00%
2021-01-03,降温精灵,700274,今日头条-优联达,信息流,1,100.00%,100.00%
2021-01-03,降温精灵,700002,小米-降温精灵,厂商商店免费,83,51.81%,28.92%
2021-01-03,降温精灵,700619,小米-微创,信息流,7,42.86%,28.57%
2021-01-03,降温精灵,700241,今日头条-优联达,信息流,1,None,None
2021-01-03,降温精灵,700499,今日头条-舜风,信息流,8,37.50%,37.50%
2021-01-03,降温精灵,700043,今日头条-云锐,信息流,1,None,None
2021-01-03,降温精灵,700342,广点通—贝壳,信息流,1,100.00%,100.00%
2021-01-03,降温精灵,700003,华为-降温精灵,厂商商店免费,108,56.48%,25.00%
2021-01-03,降温精灵,700626,快手-天拓,信息流,1,100.00%,0.00%
2021-01-03,降温精灵,700244,今日头条-优联达,信息流,6,33.33%,33.33%
2021-01-03,降温精灵,700534,魅族-星火,信息流,12,33.33%,8.33%
2021-01-03,降温精灵,700082,广点通-西藏亦复,信息流,1,100.00%,0.00%
2021-01-03,降温精灵,700482,广点通—贝壳,信息流,1,100.00%,0.00%
2021-01-03,降温精灵,700004,oppo-降温精灵,厂商商店免费,271,56.83%,32.10%
2021-01-03,降温精灵,700628,快手-天拓,信息流,1,None,None
2021-01-03,降温精灵,700245,今日头条-优联达,信息流,1,None,None
2021-01-03,降温精灵,700567,橙芯科技,联盟,4,100.00%,75.00%
2021-01-03,降温精灵,700203,广点通-辉煌明天,信息流,2,50.00%,0.00%
2021-01-03,降温精灵,700489,优优互联,信息流,10,30.00%,10.00%
2021-01-03,降温精灵,700005,vivo-降温精灵,厂商商店免费,73,49.32%,21.92%
2021-01-03,降温精灵,700258,今日头条-芦鸣,信息流,1,100.00%,0.00%
2021-01-03,降温精灵,700633,小米-微创,信息流,1,None,None
2021-01-03,降温精灵,all,None,None,928,48.49%,23.38%
2021-01-03,降温精灵,700568,橙芯科技,联盟,1,None,None
2021-01-03,降温精灵,700225,广点通—贝壳,信息流,1,None,None
2021-01-03,降温精灵,700490,优优互联,信息流,1,None,None
2021-01-03,降温精灵,700008,魅族-降温精灵,厂商商店免费,248,39.11%,14.92%
2021-01-03,降温神器,50000003,oppo,厂商商店,288,58.68%,29.86%
2021-01-03,降温神器,50000005,魅族商店,厂商商店,41,43.90%,19.51%
2021-01-03,降温神器,50000074,内推测试,内推,7,57.14%,28.57%
2021-01-03,降温神器,50000014,今日头条-鲲鹏,信息流,1,None,None
2021-01-03,降温神器,50000007,头条-傲屹,信息流,15,33.33%,20.00%
2021-01-03,降温神器,50000075,内推测试,内推,29,51.72%,27.59%
2021-01-03,降温神器,50000015,广点通-优联达,信息流,11,36.36%,0.00%
2021-01-03,降温神器,50000008,头条-傲屹,信息流,2,None,None
2021-01-03,降温神器,50000089,今日头条-鲲鹏,信息流,7,42.86%,0.00%
2021-01-03,降温神器,all,None,None,526,51.71%,25.86%
2021-01-03,降温神器,50000020,今日头条-天拓,信息流,1,100.00%,0.00%
2021-01-03,降温神器,50000009,头条-傲屹,信息流,1,None,None
2021-01-03,降温神器,50000094,头条-傲屹,信息流,1,100.00%,100.00%
2021-01-03,降温神器,50000000,腾讯应用宝,厂商商店,20,35.00%,25.00%
2021-01-03,降温神器,50000048,今日头条-天拓,信息流,1,None,None
2021-01-03,降温神器,50000012,今日头条-鲲鹏,信息流,2,50.00%,100.00%
2021-01-03,降温神器,50000095,魅族-优优互联,信息流,3,None,None
2021-01-03,降温神器,50000002,小米商店,厂商商店,26,30.77%,19.23%
2021-01-03,降温神器,50000067,cm内推马甲包,内推,68,52.94%,23.53%
2021-01-03,降温神器,50000013,今日头条-鲲鹏,信息流,2,None,None
2021-01-03,超强降温神器,11000013,魅族-星火,信息流,2403,22.93%,4.70%
2021-01-03,超强降温神器,all,None,None,16308,47.15%,17.15%
2021-01-03,超强降温神器,11000014,今日头条-鲲鹏,信息流,6,None,None
2021-01-03,超强降温神器,11000002,oppo,厂商商店,10936,55.05%,21.91%
2021-01-03,超强降温神器,11000015,今日头条-鲲鹏,信息流,522,44.06%,12.26%
2021-01-03,超强降温神器,11000005,魅族商店,厂商商店,632,37.34%,9.65%
2021-01-03,超强降温神器,11000016,今日头条-鲲鹏,信息流,763,46.40%,12.45%
2021-01-03,超强降温神器,11000008,今日头条-哇棒,信息流,496,24.80%,5.65%
2021-01-03,超强降温神器,11000033,今日头条-鲲鹏,信息流,242,36.36%,8.26%
2021-01-03,超强降温神器,11000011,今日头条-维度,信息流,258,31.40%,6.59%
2021-01-03,超强降温神器,11000039,今日头条-总包,信息流,44,13.64%,0.00%
2021-01-03,超强降温大师,all,None,None,125,48.00%,18.40%
2021-01-03,超强降温大师,10000009,oppo,厂商商店,61,57.38%,24.59%
2021-01-03,超强降温大师,10000012,魅族商店,厂商商店,50,42.00%,14.00%
2021-01-03,每天清理极速版,13000000,华为,厂商商店,389,29.31%,6.94%
2021-01-03,每天清理极速版,13000001,小米商店,厂商商店,178,38.20%,5.62%
2021-01-03,每天清理极速版,13000005,魅族商店,厂商商店,233,36.91%,8.15%
2021-01-03,每天清理极速版,13000014,今日头条-鲲鹏,信息流,11,None,None
2021-01-03,每天清理极速版,13000015,今日头条-鲲鹏,信息流,4002,34.76%,8.17%
2021-01-03,每天清理极速版,all,None,None,6793,33.17%,7.65%
2021-01-03,每天清理极速版,13000019,魅族-星火,信息流,1980,29.80%,6.87%
2021-01-03,每天清理,60000037,今日头条-鲲鹏,信息流,1,None,None
2021-01-03,每天清理,60000015,今日头条-优联达,信息流,1,None,None
2021-01-03,每天清理,60000079,魅族商店,厂商商店,4,0.00%,25.00%
2021-01-03,每天清理,60000027,内推测试,内推,31,22.58%,12.90%
2021-01-03,每天清理,60000028,内推测试,内推,61,50.82%,11.48%
2021-01-03,每天清理,all,None,None,145,42.07%,14.48%
2021-01-03,每天清理,60000031,今日头条-辉煌明天,信息流,1,0.00%,0.00%
2021-01-03,每天清理,60000000,腾讯应用宝,厂商商店,1,100.00%,100.00%
2021-01-03,每天清理,60000035,今日头条-鲲鹏,信息流,1,None,None
2021-01-03,每天清理,60000002,oppo,厂商商店,44,50.00%,18.18%
2021-01-03,极速降温大师,80042,今日头条-鲲鹏,信息流,1,None,None
2021-01-03,极速降温大师,80000,oppo,厂商商店,2,50.00%,100.00%
2021-01-03,极速降温大师,80045,今日头条-鲲鹏,信息流,2,50.00%,0.00%
2021-01-03,极速降温大师,80002,华为,厂商商店,41,43.90%,19.51%
2021-01-03,极速降温大师,80006,头条-傲屹,信息流,2,50.00%,0.00%
2021-01-03,极速降温大师,80007,头条-傲屹,信息流,1,None,None
2021-01-03,极速降温大师,80013,今日头条-优联达,信息流,1,100.00%,100.00%
2021-01-03,极速降温大师,all,None,None,50,44.00%,22.00%
2021-01-03,暖阳天气,all,None,None,15,26.67%,6.67%
2021-01-03,暖阳天气,14000001,小米商店,厂商商店,1,None,None
2021-01-03,暖阳天气,14000002,oppo,厂商商店,12,33.33%,8.33%
2021-01-03,暖阳天气,14000003,vivo商店,厂商商店,2,None,None
2021-01-03,手机加速精灵,12000002,oppo,厂商商店,22,36.36%,0.00%
2021-01-03,手机加速精灵,12000005,魅族商店,厂商商店,449,37.64%,10.91%
2021-01-03,手机加速精灵,12000007,魅族-星火,信息流,4300,26.70%,6.47%
2021-01-03,手机加速精灵,12000021,今日头条-鲲鹏,信息流,10,None,None
2021-01-03,手机加速精灵,all,None,None,4789,27.79%,6.91%
2021-01-03,急速安全大师,90016,魅族商店,厂商商店,228,32.02%,9.65%
2021-01-03,急速安全大师,90027,魅族-星火,信息流,2072,30.69%,7.53%
2021-01-03,急速安全大师,90033,今日头条-鲲鹏,信息流,1266,35.23%,6.08%
2021-01-03,急速安全大师,all,None,None,3569,32.39%,7.14%
2021-01-03,垃圾清理大师,300436,广点通—贝壳,信息流,1,None,None
2021-01-03,垃圾清理大师,300373,橙芯科技,运营商,9,22.22%,0.00%
2021-01-03,垃圾清理大师,300210,广点通—贝壳,信息流,3,0.00%,0.00%
2021-01-03,垃圾清理大师,300001,小米-垃圾清理,厂商商店免费,15,66.67%,33.33%
2021-01-03,垃圾清理大师,300466,魅族-星火,信息流,2,50.00%,50.00%
2021-01-03,垃圾清理大师,300211,广点通—贝壳,信息流,1,None,None
2021-01-03,垃圾清理大师,300002,oppo-垃圾清理,厂商商店免费,37,48.65%,37.84%
2021-01-03,垃圾清理大师,300468,魅族-星火,信息流,1,None,None
2021-01-03,垃圾清理大师,300216,广点通—贝壳,信息流,1,None,None
2021-01-03,垃圾清理大师,300004,魅族-垃圾清理,厂商商店免费,16,25.00%,12.50%
2021-01-03,垃圾清理大师,300480,内推测试,内推,92,34.78%,8.70%
2021-01-03,垃圾清理大师,300217,广点通—贝壳,信息流,2,None,None
2021-01-03,垃圾清理大师,300077,应用宝-垃圾清理,三方市场,74,28.38%,12.16%
2021-01-03,垃圾清理大师,all,,None,344,37.50%,15.99%
2021-01-03,垃圾清理大师,300218,广点通—贝壳,信息流,1,100.00%,0.00%
2021-01-03,垃圾清理大师,300202,广点通—贝壳,信息流,1,None,None
2021-01-03,垃圾清理大师,300000,华为-垃圾清理,厂商商店免费,88,45.45%,18.18%
2021-01-03,加速大师,40002,魅族商店,厂商商店,1,None,None
2021-01-03,加速大师,40004,腾讯应用宝,三方市场,2,50.00%,50.00%
2021-01-03,加速大师,40019,今日头条-天拓,信息流,1,None,None
2021-01-03,加速大师,40020,今日头条-天拓,信息流,1,None,None
2021-01-03,加速大师,all,None,None,7,28.57%,14.29%
2021-01-03,加速大师,40028,今日头条-优联达,信息流,1,None,None
2021-01-03,加速大师,40000,小米商店,厂商商店,1,100.00%,0.00%
2021-01-03,全能清理助手,20020,今日头条-鲲鹏,信息流,1319,35.25%,7.58%
2021-01-03,全能清理助手,all,None,None,9036,33.15%,8.19%
2021-01-03,全能清理助手,20038,今日头条-总包,信息流,655,36.95%,9.31%
2021-01-03,全能清理助手,20002,oppo,厂商商店,81,49.38%,16.05%
2021-01-03,全能清理助手,20005,魅族商店,厂商商店,841,42.45%,12.25%
2021-01-03,全能清理助手,20007,魅族-星火,信息流,4199,30.63%,8.29%
2021-01-03,全能清理助手,20009,今日头条-哇棒,信息流,1938,31.17%,5.93%
2021-01-04,降温精灵,700244,今日头条-优联达,信息流,3,33.33%,0.00%
2021-01-04,降温精灵,700628,快手-天拓,信息流,1,100.00%,100.00%
2021-01-04,降温精灵,700101,广点通-辉煌明天,信息流,1,None,None
2021-01-04,降温精灵,700534,魅族-星火,信息流,12,8.33%,0.00%
2021-01-04,降温精灵,700005,vivo-降温精灵,厂商商店免费,70,52.86%,25.71%
2021-01-04,降温精灵,700489,优优互联,信息流,11,18.18%,0.00%
2021-01-04,降温精灵,all,None,None,826,50.24%,24.21%
2021-01-04,降温精灵,700245,今日头条-优联达,信息流,1,None,None
2021-01-04,降温精灵,700633,小米-微创,信息流,1,None,None
2021-01-04,降温精灵,700181,今日头条-云锐,信息流,2,50.00%,50.00%
2021-01-04,降温精灵,700567,橙芯科技,联盟,5,40.00%,20.00%
2021-01-04,降温精灵,700006,百度-降温精灵,三方市场,1,None,None
2021-01-04,降温精灵,700490,优优互联,信息流,1,0.00%,100.00%
2021-01-04,降温精灵,700000,应用宝-降温精灵,三方市场,57,50.88%,19.30%
2021-01-04,降温精灵,700273,今日头条-优联达,信息流,4,75.00%,0.00%
2021-01-04,降温精灵,700635,优优互联,信息流,2,None,None
2021-01-04,降温精灵,700203,广点通-辉煌明天,信息流,1,None,None
2021-01-04,降温精灵,700609,广点通—贝壳,信息流,1,0.00%,100.00%
2021-01-04,降温精灵,700008,魅族-降温精灵,厂商商店免费,234,49.57%,19.23%
2021-01-04,降温精灵,700491,优优互联,信息流,4,25.00%,50.00%
2021-01-04,降温精灵,700002,小米-降温精灵,厂商商店免费,81,58.02%,33.33%
2021-01-04,降温精灵,700347,广点通—贝壳,信息流,1,100.00%,0.00%
2021-01-04,降温精灵,700225,广点通—贝壳,信息流,1,None,None
2021-01-04,降温精灵,700619,小米-微创,信息流,4,100.00%,50.00%
2021-01-04,降温精灵,700039,今日头条-辉煌明天,信息流,1,None,None
2021-01-04,降温精灵,700493,今日头条-舜风,信息流,2,50.00%,0.00%
2021-01-04,降温精灵,700003,华为-降温精灵,厂商商店免费,86,51.16%,25.58%
2021-01-04,降温精灵,700348,广点通—贝壳,信息流,1,None,None
2021-01-04,降温精灵,700241,今日头条-优联达,信息流,1,None,None
2021-01-04,降温精灵,700623,橙芯科技,联盟,1,100.00%,0.00%
2021-01-04,降温精灵,700083,广点通-西藏亦复,信息流,1,100.00%,0.00%
2021-01-04,降温精灵,700499,今日头条-舜风,信息流,7,28.57%,28.57%
2021-01-04,降温精灵,700004,oppo-降温精灵,厂商商店免费,226,52.65%,28.76%
2021-01-04,降温精灵,700482,广点通—贝壳,信息流,1,100.00%,100.00%
2021-01-04,降温神器,all,None,None,461,55.31%,24.51%
2021-01-04,降温神器,50000067,cm内推马甲包,内推,70,52.86%,18.57%
2021-01-04,降温神器,50000015,广点通-优联达,信息流,11,45.45%,36.36%
2021-01-04,降温神器,50000008,头条-傲屹,信息流,3,33.33%,0.00%
2021-01-04,降温神器,50000000,腾讯应用宝,厂商商店,18,50.00%,27.78%
2021-01-04,降温神器,50000068,cm内推马甲包,内推,1,100.00%,0.00%
2021-01-04,降温神器,50000018,今日头条-天拓,信息流,4,None,None
2021-01-04,降温神器,50000010,头条-傲屹,信息流,2,50.00%,0.00%
2021-01-04,降温神器,50000002,小米商店,厂商商店,22,45.45%,27.27%
2021-01-04,降温神器,50000074,内推测试,内推,3,33.33%,33.33%
2021-01-04,降温神器,50000033,广点通—天拓,信息流,1,100.00%,0.00%
2021-01-04,降温神器,50000012,今日头条-鲲鹏,信息流,1,None,None
2021-01-04,降温神器,50000003,oppo,厂商商店,238,62.18%,30.25%
2021-01-04,降温神器,50000075,内推测试,内推,21,57.14%,19.05%
2021-01-04,降温神器,50000038,魅族-优优互联,信息流,1,100.00%,0.00%
2021-01-04,降温神器,50000013,今日头条-鲲鹏,信息流,1,None,None
2021-01-04,降温神器,50000005,魅族商店,厂商商店,46,50.00%,13.04%
2021-01-04,降温神器,50000089,今日头条-鲲鹏,信息流,2,None,None
2021-01-04,降温神器,50000046,今日头条-天拓,信息流,1,None,None
2021-01-04,降温神器,50000014,今日头条-鲲鹏,信息流,2,50.00%,0.00%
2021-01-04,降温神器,50000007,头条-傲屹,信息流,13,30.77%,15.38%
2021-01-04,超强降温神器,11000039,今日头条-总包,信息流,207,9.18%,0.00%
2021-01-04,超强降温神器,11000013,魅族-星火,信息流,1540,28.38%,5.45%
2021-01-04,超强降温神器,all,None,None,14736,50.77%,18.71%
2021-01-04,超强降温神器,11000014,今日头条-鲲鹏,信息流,7,None,None
2021-01-04,超强降温神器,11000002,oppo,厂商商店,10675,57.81%,22.60%
2021-01-04,超强降温神器,11000015,今日头条-鲲鹏,信息流,388,40.98%,13.92%
2021-01-04,超强降温神器,11000005,魅族商店,厂商商店,629,39.90%,9.54%
2021-01-04,超强降温神器,11000016,今日头条-鲲鹏,信息流,400,46.00%,16.50%
2021-01-04,超强降温神器,11000008,今日头条-哇棒,信息流,345,22.90%,5.80%
2021-01-04,超强降温神器,11000033,今日头条-鲲鹏,信息流,290,33.45%,10.00%
2021-01-04,超强降温神器,11000011,今日头条-维度,信息流,249,30.12%,10.04%
2021-01-04,超强降温大师,10000009,oppo,厂商商店,44,61.36%,38.64%
2021-01-04,超强降温大师,10000012,魅族商店,厂商商店,61,42.62%,0.00%
2021-01-04,超强降温大师,all,None,None,122,50.82%,17.21%
2021-01-04,每天清理极速版,13000019,魅族-星火,信息流,1728,29.28%,7.64%
2021-01-04,每天清理极速版,all,None,None,6344,31.21%,8.34%
2021-01-04,每天清理极速版,13000000,华为,厂商商店,407,28.01%,11.06%
2021-01-04,每天清理极速版,13000001,小米商店,厂商商店,191,39.27%,7.33%
2021-01-04,每天清理极速版,13000005,魅族商店,厂商商店,199,32.16%,5.03%
2021-01-04,每天清理极速版,13000015,今日头条-鲲鹏,信息流,3814,31.96%,8.60%
2021-01-04,每天清理,60000031,今日头条-辉煌明天,信息流,1,None,None
2021-01-04,每天清理,60000017,头条-傲屹,信息流,1,100.00%,0.00%
2021-01-04,每天清理,60000034,今日头条-鲲鹏,信息流,1,100.00%,0.00%
2021-01-04,每天清理,60000018,头条-傲屹,信息流,1,None,None
2021-01-04,每天清理,all,None,None,113,46.02%,15.04%
2021-01-04,每天清理,60000075,今日头条-维度,信息流,1,100.00%,100.00%
2021-01-04,每天清理,60000021,头条-傲屹,信息流,1,None,None
2021-01-04,每天清理,60000000,腾讯应用宝,厂商商店,1,None,None
2021-01-04,每天清理,60000077,广点通-鲲鹏,信息流,1,100.00%,0.00%
2021-01-04,每天清理,60000027,内推测试,内推,31,38.71%,16.13%
2021-01-04,每天清理,60000002,oppo,厂商商店,34,52.94%,20.59%
2021-01-04,每天清理,60000028,内推测试,内推,38,44.74%,10.53%
2021-01-04,每天清理,60000011,今日头条-优联达,信息流,2,50.00%,0.00%
2021-01-04,极速降温大师,80002,华为,厂商商店,40,45.00%,30.00%
2021-01-04,极速降温大师,80007,头条-傲屹,信息流,1,100.00%,100.00%
2021-01-04,极速降温大师,80028,头条-傲屹,信息流,1,0.00%,0.00%
2021-01-04,极速降温大师,80035,今日头条-辉煌明天,信息流,1,100.00%,0.00%
2021-01-04,极速降温大师,all,None,None,54,42.59%,24.07%
2021-01-04,极速降温大师,80044,今日头条-鲲鹏,信息流,2,100.00%,0.00%
2021-01-04,极速降温大师,60000003,None,None,1,None,None
2021-01-04,极速降温大师,80045,今日头条-鲲鹏,信息流,4,25.00%,0.00%
2021-01-04,极速降温大师,80000,oppo,厂商商店,4,None,None
2021-01-04,暖阳天气,200561,None,None,4,50.00%,50.00%
2021-01-04,暖阳天气,all,None,None,15,66.67%,20.00%
2021-01-04,暖阳天气,14000002,oppo,厂商商店,8,75.00%,12.50%
2021-01-04,暖阳天气,14000003,vivo商店,厂商商店,1,100.00%,0.00%
2021-01-04,暖阳天气,14000004,魅族商店,厂商商店,1,100.00%,0.00%
2021-01-04,暖阳天气,14000010,今日头条-鲲鹏,信息流,1,None,None
2021-01-04,手机加速精灵,12000002,oppo,厂商商店,25,36.00%,0.00%
2021-01-04,手机加速精灵,12000005,魅族商店,厂商商店,425,38.35%,8.71%
2021-01-04,手机加速精灵,12000007,魅族-星火,信息流,3236,29.70%,6.92%
2021-01-04,手机加速精灵,12000021,今日头条-鲲鹏,信息流,6,None,None
2021-01-04,手机加速精灵,all,None,None,3699,30.71%,7.16%
2021-01-04,急速安全大师,90027,魅族-星火,信息流,1648,30.04%,7.77%
2021-01-04,急速安全大师,90033,今日头条-鲲鹏,信息流,1188,33.84%,7.41%
2021-01-04,急速安全大师,all,None,None,3030,31.75%,7.99%
2021-01-04,急速安全大师,90016,魅族商店,厂商商店,188,33.51%,13.83%
2021-01-04,垃圾清理大师,300466,魅族-星火,信息流,1,None,None
2021-01-04,垃圾清理大师,300210,广点通—贝壳,信息流,1,100.00%,0.00%
2021-01-04,垃圾清理大师,300001,小米-垃圾清理,厂商商店免费,5,20.00%,20.00%
2021-01-04,垃圾清理大师,300467,魅族-星火,信息流,1,None,None
2021-01-04,垃圾清理大师,300211,广点通—贝壳,信息流,1,None,None
2021-01-04,垃圾清理大师,300002,oppo-垃圾清理,厂商商店免费,34,52.94%,11.76%
2021-01-04,垃圾清理大师,300468,魅族-星火,信息流,3,33.33%,0.00%
2021-01-04,垃圾清理大师,300373,橙芯科技,运营商,11,27.27%,0.00%
2021-01-04,垃圾清理大师,300004,魅族-垃圾清理,厂商商店免费,11,36.36%,18.18%
2021-01-04,垃圾清理大师,300479,内推测试,内推,1,100.00%,0.00%
2021-01-04,垃圾清理大师,300436,广点通—贝壳,信息流,1,100.00%,0.00%
2021-01-04,垃圾清理大师,300077,应用宝-垃圾清理,三方市场,64,42.19%,15.63%
2021-01-04,垃圾清理大师,300480,内推测试,内推,61,34.43%,9.84%
2021-01-04,垃圾清理大师,300452,优优互联,信息流,1,100.00%,0.00%
2021-01-04,垃圾清理大师,300197,今日头条-优联达,信息流,1,0.00%,100.00%
2021-01-04,垃圾清理大师,300000,华为-垃圾清理,厂商商店免费,77,49.35%,22.08%
2021-01-04,垃圾清理大师,all,,None,274,42.70%,14.96%
2021-01-04,加速大师,40000,小米商店,厂商商店,1,None,None
2021-01-04,加速大师,40002,魅族商店,厂商商店,2,0.00%,0.00%
2021-01-04,加速大师,40027,今日头条-优联达,信息流,2,50.00%,0.00%
2021-01-04,加速大师,all,None,None,5,20.00%,0.00%
2021-01-04,全能清理助手,20009,今日头条-哇棒,信息流,1221,34.81%,7.62%
2021-01-04,全能清理助手,20020,今日头条-鲲鹏,信息流,1178,34.30%,7.64%
2021-01-04,全能清理助手,all,None,None,6130,37.62%,9.40%
2021-01-04,全能清理助手,20038,今日头条-总包,信息流,640,39.38%,7.97%
2021-01-04,全能清理助手,20002,oppo,厂商商店,118,50.00%,17.80%
2021-01-04,全能清理助手,20005,魅族商店,厂商商店,673,46.95%,14.12%
2021-01-04,全能清理助手,20007,魅族-星火,信息流,2295,36.95%,9.76%
2021-01-05,降温精灵,700191,今日头条-辉煌明天,信息流,1,None,None
2021-01-05,降温精灵,700609,广点通—贝壳,信息流,1,None,None
2021-01-05,降温精灵,700492,趣头条-优优互联,信息流,1,100.00%,0.00%
2021-01-05,降温精灵,700033,今日头条-辉煌明天,信息流,1,None,None
2021-01-05,降温精灵,700273,今日头条-优联达,信息流,7,14.29%,14.29%
2021-01-05,降温精灵,700003,华为-降温精灵,厂商商店免费,75,54.67%,25.33%
2021-01-05,降温精灵,700203,广点通-辉煌明天,信息流,1,None,None
2021-01-05,降温精灵,700618,小米-微创,信息流,2,50.00%,50.00%
2021-01-05,降温精灵,700039,今日头条-辉煌明天,信息流,1,None,None
2021-01-05,降温精灵,700493,今日头条-舜风,信息流,1,100.00%,0.00%
2021-01-05,降温精灵,700274,今日头条-优联达,信息流,1,0.00%,100.00%
2021-01-05,降温精灵,700004,oppo-降温精灵,厂商商店免费,215,55.81%,27.91%
2021-01-05,降温精灵,700205,广点通-辉煌明天,信息流,1,None,None
2021-01-05,降温精灵,700619,小米-微创,信息流,10,50.00%,20.00%
2021-01-05,降温精灵,700042,今日头条-辉煌明天,信息流,1,100.00%,0.00%
2021-01-05,降温精灵,700534,魅族-星火,信息流,17,41.18%,17.65%
2021-01-05,降温精灵,700489,优优互联,信息流,4,75.00%,25.00%
2021-01-05,降温精灵,700005,vivo-降温精灵,厂商商店免费,62,50.00%,25.81%
2021-01-05,降温精灵,700207,广点通-辉煌明天,信息流,1,100.00%,0.00%
2021-01-05,降温精灵,700623,橙芯科技,联盟,1,None,None
2021-01-05,降温精灵,all,None,None,777,49.29%,22.39%
2021-01-05,降温精灵,700043,今日头条-云锐,信息流,1,100.00%,100.00%
2021-01-05,降温精灵,700568,橙芯科技,联盟,1,100.00%,0.00%
2021-01-05,降温精灵,700490,优优互联,信息流,1,None,None
2021-01-05,降温精灵,700006,百度-降温精灵,三方市场,1,100.00%,0.00%
2021-01-05,降温精灵,700230,广点通—贝壳,信息流,1,None,None
2021-01-05,降温精灵,700000,应用宝-降温精灵,三方市场,54,50.00%,24.07%
2021-01-05,降温精灵,700080,广点通-西藏亦复,信息流,1,None,None
2021-01-05,降温精灵,700591,今日头条-舜风,信息流,1,None,None
2021-01-05,降温精灵,700491,优优互联,信息流,2,50.00%,0.00%
2021-01-05,降温精灵,700008,魅族-降温精灵,厂商商店免费,224,40.63%,16.52%
2021-01-05,降温精灵,700244,今日头条-优联达,信息流,2,100.00%,0.00%
2021-01-05,降温精灵,700002,小米-降温精灵,厂商商店免费,84,54.76%,22.62%
2021-01-05,降温神器,50000020,今日头条-天拓,信息流,1,100.00%,100.00%
2021-01-05,降温神器,50000008,头条-傲屹,信息流,2,50.00%,50.00%
2021-01-05,降温神器,50000000,腾讯应用宝,厂商商店,20,40.00%,5.00%
2021-01-05,降温神器,50000090,今日头条-鲲鹏,信息流,1,None,None
2021-01-05,降温神器,50000045,今日头条-天拓,信息流,1,None,None
2021-01-05,降温神器,50000013,今日头条-鲲鹏,信息流,6,33.33%,0.00%
2021-01-05,降温神器,50000002,小米商店,厂商商店,35,37.14%,5.71%
2021-01-05,降温神器,50000091,今日头条-鲲鹏,信息流,1,None,None
2021-01-05,降温神器,50000067,cm内推马甲包,内推,66,62.12%,25.76%
2021-01-05,降温神器,50000014,今日头条-鲲鹏,信息流,2,50.00%,0.00%
2021-01-05,降温神器,50000003,oppo,厂商商店,230,56.52%,31.74%
2021-01-05,降温神器,50000074,内推测试,内推,4,None,None
2021-01-05,降温神器,50000015,广点通-优联达,信息流,10,30.00%,20.00%
2021-01-05,降温神器,50000005,魅族商店,厂商商店,43,51.16%,20.93%
2021-01-05,降温神器,50000075,内推测试,内推,29,37.93%,13.79%
2021-01-05,降温神器,50000018,今日头条-天拓,信息流,3,33.33%,33.33%
2021-01-05,降温神器,50000007,头条-傲屹,信息流,6,16.67%,16.67%
2021-01-05,降温神器,all,None,None,463,50.76%,24.19%
2021-01-05,降温神器,50000089,今日头条-鲲鹏,信息流,3,0.00%,0.00%
2021-01-05,超强降温神器,11000039,今日头条-总包,信息流,211,9.00%,0.00%
2021-01-05,超强降温神器,11000013,魅族-星火,信息流,1320,28.86%,6.67%
2021-01-05,超强降温神器,all,None,None,14461,50.47%,18.44%
2021-01-05,超强降温神器,11000014,今日头条-鲲鹏,信息流,8,None,None
2021-01-05,超强降温神器,11000002,oppo,厂商商店,11016,56.24%,21.92%
2021-01-05,超强降温神器,11000015,今日头条-鲲鹏,信息流,287,46.34%,15.33%
2021-01-05,超强降温神器,11000005,魅族商店,厂商商店,580,40.52%,9.31%
2021-01-05,超强降温神器,11000016,今日头条-鲲鹏,信息流,254,46.46%,7.48%
2021-01-05,超强降温神器,11000008,今日头条-哇棒,信息流,420,29.29%,4.05%
2021-01-05,超强降温神器,11000033,今日头条-鲲鹏,信息流,103,41.75%,10.68%
2021-01-05,超强降温神器,11000011,今日头条-维度,信息流,253,17.39%,4.74%
2021-01-05,超强降温大师,all,None,None,107,45.79%,14.95%
2021-01-05,超强降温大师,10000009,oppo,厂商商店,49,61.22%,26.53%
2021-01-05,超强降温大师,10000012,魅族商店,厂商商店,53,35.85%,0.00%
2021-01-05,每天清理极速版,13000015,今日头条-鲲鹏,信息流,4919,34.70%,8.64%
2021-01-05,每天清理极速版,13000019,魅族-星火,信息流,1808,28.71%,6.97%
2021-01-05,每天清理极速版,all,None,None,7705,33.02%,8.46%
2021-01-05,每天清理极速版,13000000,华为,厂商商店,481,26.20%,13.72%
2021-01-05,每天清理极速版,13000001,小米商店,厂商商店,262,43.89%,6.11%
2021-01-05,每天清理极速版,13000005,魅族商店,厂商商店,229,33.19%,8.30%
2021-01-05,每天清理,0,None,None,2,0.00%,50.00%
2021-01-05,每天清理,60000000,腾讯应用宝,厂商商店,1,100.00%,100.00%
2021-01-05,每天清理,60000077,广点通-鲲鹏,信息流,1,None,None
2021-01-05,每天清理,60000027,内推测试,内推,20,35.00%,25.00%
2021-01-05,每天清理,60000002,oppo,厂商商店,31,61.29%,25.81%
2021-01-05,每天清理,60000079,魅族商店,厂商商店,5,20.00%,0.00%
2021-01-05,每天清理,60000028,内推测试,内推,54,44.44%,12.96%
2021-01-05,每天清理,60000011,今日头条-优联达,信息流,2,None,None
2021-01-05,每天清理,60000034,今日头条-鲲鹏,信息流,1,None,None
2021-01-05,每天清理,60000013,今日头条-优联达,信息流,1,None,None
2021-01-05,每天清理,60000036,今日头条-鲲鹏,信息流,1,None,None
2021-01-05,每天清理,60000016,头条-傲屹,信息流,1,None,None
2021-01-05,每天清理,all,None,None,122,42.62%,18.03%
2021-01-05,每天清理,60000041,广点通-优联达,信息流,1,None,None
2021-01-05,每天清理,60000021,头条-傲屹,信息流,1,None,None
2021-01-05,极速降温大师,80039,今日头条-辉煌明天,信息流,1,None,None
2021-01-05,极速降温大师,60000026,None,None,1,100.00%,0.00%
2021-01-05,极速降温大师,80044,今日头条-鲲鹏,信息流,1,0.00%,0.00%
2021-01-05,极速降温大师,80000,oppo,厂商商店,2,100.00%,50.00%
2021-01-05,极速降温大师,80045,今日头条-鲲鹏,信息流,3,None,None
2021-01-05,极速降温大师,80002,华为,厂商商店,45,37.78%,17.78%
2021-01-05,极速降温大师,80006,头条-傲屹,信息流,1,None,None
2021-01-05,极速降温大师,80009,头条-傲屹,信息流,1,None,None
2021-01-05,极速降温大师,all,None,None,55,36.36%,16.36%
2021-01-05,暖阳天气,all,None,None,19,52.63%,15.79%
2021-01-05,暖阳天气,14000001,小米商店,厂商商店,2,50.00%,0.00%
2021-01-05,暖阳天气,14000002,oppo,厂商商店,14,50.00%,14.29%
2021-01-05,暖阳天气,14000010,今日头条-鲲鹏,信息流,1,100.00%,0.00%
2021-01-05,暖阳天气,200561,None,None,2,50.00%,50.00%
2021-01-05,手机加速精灵,12000002,oppo,厂商商店,28,46.43%,0.00%
2021-01-05,手机加速精灵,12000005,魅族商店,厂商商店,386,40.16%,8.29%
2021-01-05,手机加速精灵,12000007,魅族-星火,信息流,2166,34.07%,7.71%
2021-01-05,手机加速精灵,all,None,None,2597,35.12%,7.93%
2021-01-05,急速安全大师,90033,今日头条-鲲鹏,信息流,1235,31.98%,6.32%
2021-01-05,急速安全大师,all,None,None,2962,33.66%,7.26%
2021-01-05,急速安全大师,90016,魅族商店,厂商商店,208,39.90%,8.65%
2021-01-05,急速安全大师,90027,魅族-星火,信息流,1507,34.11%,7.63%
2021-01-05,急速安全大师,90032,今日头条-鲲鹏,信息流,9,0.00%,0.00%
2021-01-05,垃圾清理大师,300436,广点通—贝壳,信息流,1,None,None
2021-01-05,垃圾清理大师,300184,今日头条-辉煌明天,信息流,2,None,None
2021-01-05,垃圾清理大师,300000,华为-垃圾清理,厂商商店免费,101,45.54%,23.76%
2021-01-05,垃圾清理大师,300466,魅族-星火,信息流,4,50.00%,0.00%
2021-01-05,垃圾清理大师,300218,广点通—贝壳,信息流,3,None,None
2021-01-05,垃圾清理大师,300001,小米-垃圾清理,厂商商店免费,12,33.33%,8.33%
2021-01-05,垃圾清理大师,300468,魅族-星火,信息流,2,None,None
2021-01-05,垃圾清理大师,300230,今日头条-芦鸣,信息流,1,None,None
2021-01-05,垃圾清理大师,300002,oppo-垃圾清理,厂商商店免费,32,46.88%,25.00%
2021-01-05,垃圾清理大师,300480,内推测试,内推,53,39.62%,20.75%
2021-01-05,垃圾清理大师,300365,广点通—贝壳,信息流,1,0.00%,100.00%
2021-01-05,垃圾清理大师,300004,魅族-垃圾清理,厂商商店免费,8,12.50%,0.00%
2021-01-05,垃圾清理大师,all,,None,302,40.73%,18.21%
2021-01-05,垃圾清理大师,300373,橙芯科技,运营商,11,18.18%,9.09%
2021-01-05,垃圾清理大师,300077,应用宝-垃圾清理,三方市场,71,45.07%,12.68%
2021-01-05,加速大师,40002,魅族商店,厂商商店,2,50.00%,0.00%
2021-01-05,加速大师,40019,今日头条-天拓,信息流,3,None,None
2021-01-05,加速大师,all,None,None,7,28.57%,0.00%
2021-01-05,加速大师,40000,小米商店,厂商商店,2,50.00%,0.00%
2021-01-05,全能清理助手,20005,魅族商店,厂商商店,741,47.77%,17.95%
2021-01-05,全能清理助手,20007,魅族-星火,信息流,2392,32.36%,9.07%
2021-01-05,全能清理助手,20009,今日头条-哇棒,信息流,148,42.57%,12.16%
2021-01-05,全能清理助手,20020,今日头条-鲲鹏,信息流,1259,38.13%,4.61%
2021-01-05,全能清理助手,all,None,None,5664,38.08%,9.25%
2021-01-05,全能清理助手,20038,今日头条-总包,信息流,949,42.04%,7.90%
2021-01-05,全能清理助手,20002,oppo,厂商商店,167,49.70%,12.57%
2021-01-06,降温精灵,700047,今日头条-云锐,信息流,1,None,None
2021-01-06,降温精灵,700568,橙芯科技,联盟,1,100.00%,0.00%
2021-01-06,降温精灵,700006,百度-降温精灵,三方市场,2,None,None
2021-01-06,降温精灵,700493,今日头条-舜风,信息流,2,100.00%,50.00%
2021-01-06,降温精灵,700000,应用宝-降温精灵,三方市场,45,42.22%,26.67%
2021-01-06,降温精灵,700273,今日头条-优联达,信息流,5,20.00%,0.00%
2021-01-06,降温精灵,700205,广点通-辉煌明天,信息流,1,100.00%,100.00%
2021-01-06,降温精灵,700591,今日头条-舜风,信息流,2,50.00%,50.00%
2021-01-06,降温精灵,700008,魅族-降温精灵,厂商商店免费,202,43.07%,17.33%
2021-01-06,降温精灵,700494,今日头条-舜风,信息流,1,None,None
2021-01-06,降温精灵,700002,小米-降温精灵,厂商商店免费,85,58.82%,22.35%
2021-01-06,降温精灵,700347,广点通—贝壳,信息流,1,100.00%,0.00%
2021-01-06,降温精灵,700225,广点通—贝壳,信息流,1,None,None
2021-01-06,降温精灵,700619,小米-微创,信息流,3,66.67%,0.00%
2021-01-06,降温精灵,700033,今日头条-辉煌明天,信息流,1,None,None
2021-01-06,降温精灵,700499,今日头条-舜风,信息流,4,25.00%,25.00%
2021-01-06,降温精灵,700003,华为-降温精灵,厂商商店免费,92,55.43%,22.83%
2021-01-06,降温精灵,700489,优优互联,信息流,3,66.67%,33.33%
2021-01-06,降温精灵,700241,今日头条-优联达,信息流,1,100.00%,0.00%
2021-01-06,降温精灵,700623,橙芯科技,联盟,1,100.00%,100.00%
2021-01-06,降温精灵,700042,今日头条-辉煌明天,信息流,1,100.00%,100.00%
2021-01-06,降温精灵,700534,魅族-星火,信息流,13,15.38%,7.69%
2021-01-06,降温精灵,700004,oppo-降温精灵,厂商商店免费,246,56.91%,28.86%
2021-01-06,降温精灵,700490,优优互联,信息流,2,0.00%,50.00%
2021-01-06,降温精灵,all,None,None,781,49.94%,22.92%
2021-01-06,降温精灵,700244,今日头条-优联达,信息流,2,100.00%,50.00%
2021-01-06,降温精灵,700633,小米-微创,信息流,1,None,None
2021-01-06,降温精灵,700043,今日头条-云锐,信息流,1,None,None
2021-01-06,降温精灵,700567,橙芯科技,联盟,3,None,None
2021-01-06,降温精灵,700005,vivo-降温精灵,厂商商店免费,52,38.46%,17.31%
2021-01-06,降温精灵,700491,优优互联,信息流,1,None,None
2021-01-06,降温精灵,100000,None,None,2,100.00%,0.00%
2021-01-06,降温精灵,700245,今日头条-优联达,信息流,2,100.00%,100.00%
2021-01-06,降温精灵,700635,优优互联,信息流,1,None,None
2021-01-06,降温神器,50000013,今日头条-鲲鹏,信息流,1,None,None
2021-01-06,降温神器,50000091,今日头条-鲲鹏,信息流,1,100.00%,100.00%
2021-01-06,降温神器,50000002,小米商店,厂商商店,44,47.73%,15.91%
2021-01-06,降温神器,50000067,cm内推马甲包,内推,56,51.79%,14.29%
2021-01-06,降温神器,50000015,广点通-优联达,信息流,18,22.22%,5.56%
2021-01-06,降温神器,50000096,魅族-优优互联,信息流,1,None,None
2021-01-06,降温神器,50000003,oppo,厂商商店,221,63.35%,30.77%
2021-01-06,降温神器,50000068,cm内推马甲包,内推,1,100.00%,100.00%
2021-01-06,降温神器,50000018,今日头条-天拓,信息流,4,50.00%,25.00%
2021-01-06,降温神器,50000112,魅族-星火,信息流,2,100.00%,50.00%
2021-01-06,降温神器,50000005,魅族商店,厂商商店,47,42.55%,19.15%
2021-01-06,降温神器,50000074,内推测试,内推,8,62.50%,12.50%
2021-01-06,降温神器,all,None,None,456,52.85%,23.03%
2021-01-06,降温神器,50000022,广点通-优联达,信息流,2,50.00%,0.00%
2021-01-06,降温神器,50000007,头条-傲屹,信息流,9,11.11%,11.11%
2021-01-06,降温神器,50000075,内推测试,内推,23,26.09%,8.70%
2021-01-06,降温神器,0,None,None,1,100.00%,0.00%
2021-01-06,降温神器,50000033,广点通—天拓,信息流,1,0.00%,100.00%
2021-01-06,降温神器,50000008,头条-傲屹,信息流,1,None,None
2021-01-06,降温神器,50000089,今日头条-鲲鹏,信息流,2,None,None
2021-01-06,降温神器,50000000,腾讯应用宝,厂商商店,12,50.00%,25.00%
2021-01-06,降温神器,50000038,魅族-优优互联,信息流,1,100.00%,0.00%
2021-01-06,超强降温神器,11000011,今日头条-维度,信息流,99,35.35%,8.08%
2021-01-06,超强降温神器,11000013,魅族-星火,信息流,1584,25.63%,5.37%
2021-01-06,超强降温神器,all,None,None,15888,48.96%,17.51%
2021-01-06,超强降温神器,11000015,今日头条-鲲鹏,信息流,371,42.86%,13.75%
2021-01-06,超强降温神器,11000002,oppo,厂商商店,11862,55.49%,21.06%
2021-01-06,超强降温神器,11000016,今日头条-鲲鹏,信息流,342,36.55%,11.40%
2021-01-06,超强降温神器,11000005,魅族商店,厂商商店,663,39.97%,8.14%
2021-01-06,超强降温神器,11000033,今日头条-鲲鹏,信息流,35,57.14%,22.86%
2021-01-06,超强降温神器,11000008,今日头条-哇棒,信息流,609,25.29%,5.25%
2021-01-06,超强降温神器,11000039,今日头条-总包,信息流,308,8.12%,0.00%
2021-01-06,超强降温大师,10000009,oppo,厂商商店,52,69.23%,28.85%
2021-01-06,超强降温大师,10000012,魅族商店,厂商商店,48,56.25%,0.00%
2021-01-06,超强降温大师,all,None,None,110,62.73%,20.00%
2021-01-06,每天清理极速版,13000015,今日头条-鲲鹏,信息流,5616,34.01%,8.78%
2021-01-06,每天清理极速版,13000019,魅族-星火,信息流,1799,31.35%,8.78%
2021-01-06,每天清理极速版,all,None,None,8502,32.99%,8.89%
2021-01-06,每天清理极速版,13000000,华为,厂商商店,609,24.30%,11.17%
2021-01-06,每天清理极速版,13000001,小米商店,厂商商店,257,45.53%,8.56%
2021-01-06,每天清理极速版,13000005,魅族商店,厂商商店,217,30.41%,6.91%
2021-01-06,每天清理,60000002,oppo,厂商商店,33,63.64%,21.21%
2021-01-06,每天清理,60000037,今日头条-鲲鹏,信息流,2,50.00%,0.00%
2021-01-06,每天清理,60000011,今日头条-优联达,信息流,1,None,None
2021-01-06,每天清理,60000079,魅族商店,厂商商店,6,33.33%,0.00%
2021-01-06,每天清理,60000021,头条-傲屹,信息流,1,0.00%,0.00%
2021-01-06,每天清理,all,None,None,118,43.22%,14.41%
2021-01-06,每天清理,60000027,内推测试,内推,32,34.38%,15.63%
2021-01-06,每天清理,0,None,None,1,100.00%,0.00%
2021-01-06,每天清理,60000028,内推测试,内推,40,35.00%,12.50%
2021-01-06,每天清理,50000003,None,None,1,100.00%,0.00%
2021-01-06,每天清理,60000035,今日头条-鲲鹏,信息流,1,None,None
2021-01-06,极速降温大师,80002,华为,厂商商店,33,42.42%,12.12%
2021-01-06,极速降温大师,80007,头条-傲屹,信息流,2,0.00%,0.00%
2021-01-06,极速降温大师,80009,头条-傲屹,信息流,1,None,None
2021-01-06,极速降温大师,80044,今日头条-鲲鹏,信息流,2,50.00%,0.00%
2021-01-06,极速降温大师,all,None,None,42,38.10%,11.90%
2021-01-06,极速降温大师,80045,今日头条-鲲鹏,信息流,2,None,None
2021-01-06,极速降温大师,80000,oppo,厂商商店,2,50.00%,50.00%
2021-01-06,暖阳天气,all,None,None,18,27.78%,11.11%
2021-01-06,暖阳天气,14000001,小米商店,厂商商店,3,0.00%,0.00%
2021-01-06,暖阳天气,14000002,oppo,厂商商店,11,36.36%,9.09%
2021-01-06,暖阳天气,14000003,vivo商店,厂商商店,1,None,None
2021-01-06,暖阳天气,14000004,魅族商店,厂商商店,3,33.33%,33.33%
2021-01-06,手机加速精灵,12000007,魅族-星火,信息流,3469,28.91%,6.57%
2021-01-06,手机加速精灵,all,None,None,3931,29.99%,6.87%
2021-01-06,手机加速精灵,12000002,oppo,厂商商店,32,53.13%,21.88%
2021-01-06,手机加速精灵,12000005,魅族商店,厂商商店,422,37.44%,8.06%
2021-01-06,急速安全大师,all,None,None,3326,28.71%,6.89%
2021-01-06,急速安全大师,90016,魅族商店,厂商商店,211,35.55%,10.90%
2021-01-06,急速安全大师,90027,魅族-星火,信息流,1872,30.18%,7.64%
2021-01-06,急速安全大师,90033,今日头条-鲲鹏,信息流,1239,25.34%,4.84%
2021-01-06,垃圾清理大师,300436,广点通—贝壳,信息流,1,100.00%,0.00%
2021-01-06,垃圾清理大师,300218,广点通—贝壳,信息流,1,None,None
2021-01-06,垃圾清理大师,300001,小米-垃圾清理,厂商商店免费,9,33.33%,11.11%
2021-01-06,垃圾清理大师,300466,魅族-星火,信息流,5,60.00%,20.00%
2021-01-06,垃圾清理大师,300327,今日头条-优联达,信息流,1,None,None
2021-01-06,垃圾清理大师,300002,oppo-垃圾清理,厂商商店免费,26,53.85%,34.62%
2021-01-06,垃圾清理大师,300468,魅族-星火,信息流,1,None,None
2021-01-06,垃圾清理大师,300363,广点通—贝壳,信息流,1,0.00%,100.00%
2021-01-06,垃圾清理大师,300004,魅族-垃圾清理,厂商商店免费,7,28.57%,0.00%
2021-01-06,垃圾清理大师,300479,内推测试,内推,2,100.00%,0.00%
2021-01-06,垃圾清理大师,300365,广点通—贝壳,信息流,1,100.00%,0.00%
2021-01-06,垃圾清理大师,300077,应用宝-垃圾清理,三方市场,62,40.32%,16.13%
2021-01-06,垃圾清理大师,300480,内推测试,内推,69,39.13%,14.49%
2021-01-06,垃圾清理大师,300373,橙芯科技,运营商,11,45.45%,18.18%
2021-01-06,垃圾清理大师,300217,广点通—贝壳,信息流,3,0.00%,0.00%
2021-01-06,垃圾清理大师,300000,华为-垃圾清理,厂商商店免费,81,48.15%,19.75%
2021-01-06,垃圾清理大师,all,,None,281,43.42%,17.79%
2021-01-06,加速大师,40004,腾讯应用宝,三方市场,3,None,None
2021-01-06,加速大师,all,None,None,5,None,None
2021-01-06,加速大师,40000,小米商店,厂商商店,1,None,None
2021-01-06,加速大师,40002,魅族商店,厂商商店,1,None,None
2021-01-06,全能清理助手,all,None,None,6511,36.51%,9.71%
2021-01-06,全能清理助手,20038,今日头条-总包,信息流,1081,41.35%,11.19%
2021-01-06,全能清理助手,20002,oppo,厂商商店,115,47.83%,26.09%
2021-01-06,全能清理助手,20005,魅族商店,厂商商店,762,48.03%,17.32%
2021-01-06,全能清理助手,20007,魅族-星火,信息流,2617,31.87%,7.57%
2021-01-06,全能清理助手,20009,今日头条-哇棒,信息流,135,37.04%,6.67%
2021-01-06,全能清理助手,20020,今日头条-鲲鹏,信息流,1799,34.69%,7.84%
2021-01-07,降温精灵,700043,今日头条-云锐,信息流,1,None,None
2021-01-07,降温精灵,700489,优优互联,信息流,3,None,None
2021-01-07,降温精灵,700099,广点通-西藏亦复,信息流,1,None,None
2021-01-07,降温精灵,700003,华为-降温精灵,厂商商店免费,73,60.27%,30.14%
2021-01-07,降温精灵,700273,今日头条-优联达,信息流,5,40.00%,20.00%
2021-01-07,降温精灵,700619,小米-微创,信息流,7,42.86%,14.29%
2021-01-07,降温精灵,700534,魅族-星火,信息流,8,12.50%,0.00%
2021-01-07,降温精灵,all,None,None,782,51.02%,22.12%
2021-01-07,降温精灵,700226,广点通—贝壳,信息流,1,100.00%,0.00%
2021-01-07,降温精灵,700491,优优互联,信息流,6,50.00%,33.33%
2021-01-07,降温精灵,700140,橙芯科技,运营商,1,None,None
2021-01-07,降温精灵,700004,oppo-降温精灵,厂商商店免费,268,59.70%,31.34%
2021-01-07,降温精灵,700342,广点通—贝壳,信息流,1,None,None
2021-01-07,降温精灵,700626,快手-天拓,信息流,1,None,None
2021-01-07,降温精灵,700567,橙芯科技,联盟,2,50.00%,0.00%
2021-01-07,降温精灵,2010008440,None,None,1,None,None
2021-01-07,降温精灵,700238,今日头条-辉煌明天,信息流,1,100.00%,100.00%
2021-01-07,降温精灵,700493,今日头条-舜风,信息流,2,None,None
2021-01-07,降温精灵,700202,广点通-辉煌明天,信息流,1,None,None
2021-01-07,降温精灵,700005,vivo-降温精灵,厂商商店免费,61,47.54%,16.39%
2021-01-07,降温精灵,700347,广点通—贝壳,信息流,1,None,None
2021-01-07,降温精灵,700242,今日头条-优联达,信息流,1,None,None
2021-01-07,降温精灵,700568,橙芯科技,联盟,1,100.00%,100.00%
2021-01-07,降温精灵,2010008443,None,None,1,None,None
2021-01-07,降温精灵,700494,今日头条-舜风,信息流,1,None,None
2021-01-07,降温精灵,700203,广点通-辉煌明天,信息流,1,100.00%,100.00%
2021-01-07,降温精灵,700008,魅族-降温精灵,厂商商店免费,210,43.81%,9.05%
2021-01-07,降温精灵,700446,广点通-微盟,信息流,1,None,None
2021-01-07,降温精灵,700244,今日头条-优联达,信息流,2,50.00%,50.00%
2021-01-07,降温精灵,700591,今日头条-舜风,信息流,1,None,None
2021-01-07,降温精灵,700000,应用宝-降温精灵,三方市场,44,47.73%,25.00%
2021-01-07,降温精灵,700499,今日头条-舜风,信息流,3,None,None
2021-01-07,降温精灵,700206,广点通-辉煌明天,信息流,1,None,None
2021-01-07,降温精灵,700040,今日头条-辉煌明天,信息流,1,None,None
2021-01-07,降温精灵,700482,广点通—贝壳,信息流,2,None,None
2021-01-07,降温精灵,700002,小米-降温精灵,厂商商店免费,62,54.84%,27.42%
2021-01-07,降温精灵,700245,今日头条-优联达,信息流,2,100.00%,50.00%
2021-01-07,降温精灵,700601,今日头条-优联达,信息流,1,100.00%,0.00%
2021-01-07,降温精灵,700504,广点通-微盟,信息流,1,None,None
2021-01-07,降温精灵,700207,广点通-辉煌明天,信息流,1,100.00%,100.00%
2021-01-07,降温神器,50000002,小米商店,厂商商店,41,48.78%,12.20%
2021-01-07,降温神器,50000075,内推测试,内推,29,41.38%,24.14%
2021-01-07,降温神器,50000024,今日头条-辉煌明天,信息流,1,100.00%,0.00%
2021-01-07,降温神器,50000013,今日头条-鲲鹏,信息流,1,None,None
2021-01-07,降温神器,50000003,oppo,厂商商店,219,66.21%,35.16%
2021-01-07,降温神器,50000089,今日头条-鲲鹏,信息流,4,25.00%,0.00%
2021-01-07,降温神器,50000038,魅族-优优互联,信息流,1,None,None
2021-01-07,降温神器,50000014,今日头条-鲲鹏,信息流,1,None,None
2021-01-07,降温神器,50000005,魅族商店,厂商商店,48,47.92%,12.50%
2021-01-07,降温神器,50000095,魅族-优优互联,信息流,1,None,None
2021-01-07,降温神器,50000067,cm内推马甲包,内推,72,50.00%,15.28%
2021-01-07,降温神器,50000015,广点通-优联达,信息流,10,10.00%,10.00%
2021-01-07,降温神器,50000007,头条-傲屹,信息流,16,43.75%,6.25%
2021-01-07,降温神器,all,None,None,468,54.06%,23.93%
2021-01-07,降温神器,50000068,cm内推马甲包,内推,1,100.00%,0.00%
2021-01-07,降温神器,50000018,今日头条-天拓,信息流,2,None,None
2021-01-07,降温神器,50000008,头条-傲屹,信息流,3,33.33%,33.33%
2021-01-07,降温神器,50000000,腾讯应用宝,厂商商店,11,36.36%,27.27%
2021-01-07,降温神器,50000074,内推测试,内推,5,None,None
2021-01-07,降温神器,50000022,广点通-优联达,信息流,1,100.00%,0.00%
2021-01-07,降温神器,50000009,头条-傲屹,信息流,1,None,None
2021-01-07,超强降温神器,11000039,今日头条-总包,信息流,215,6.98%,0.00%
2021-01-07,超强降温神器,11000013,魅族-星火,信息流,2029,25.18%,3.70%
2021-01-07,超强降温神器,all,None,None,14825,47.22%,15.68%
2021-01-07,超强降温神器,11000014,今日头条-鲲鹏,信息流,8,None,None
2021-01-07,超强降温神器,11000002,oppo,厂商商店,10582,54.15%,19.19%
2021-01-07,超强降温神器,11000015,今日头条-鲲鹏,信息流,319,42.32%,11.60%
2021-01-07,超强降温神器,11000005,魅族商店,厂商商店,826,37.05%,10.17%
2021-01-07,超强降温神器,11000016,今日头条-鲲鹏,信息流,237,54.01%,14.77%
2021-01-07,超强降温神器,11000008,今日头条-哇棒,信息流,523,26.96%,8.03%
2021-01-07,超强降温神器,11000033,今日头条-鲲鹏,信息流,18,50.00%,0.00%
2021-01-07,超强降温神器,11000011,今日头条-维度,信息流,61,29.51%,14.75%
2021-01-07,超强降温大师,all,None,None,90,57.78%,0.00%
2021-01-07,超强降温大师,10000009,oppo,厂商商店,37,54.05%,0.00%
2021-01-07,超强降温大师,10000012,魅族商店,厂商商店,42,61.90%,0.00%
2021-01-07,每天清理极速版,13000005,魅族商店,厂商商店,237,32.07%,9.70%
2021-01-07,每天清理极速版,13000014,今日头条-鲲鹏,信息流,6,None,None
2021-01-07,每天清理极速版,13000015,今日头条-鲲鹏,信息流,5856,33.97%,9.82%
2021-01-07,每天清理极速版,all,None,None,8908,33.40%,9.71%
2021-01-07,每天清理极速版,13000019,魅族-星火,信息流,1839,31.87%,8.05%
2021-01-07,每天清理极速版,13000000,华为,厂商商店,662,29.00%,13.44%
2021-01-07,每天清理极速版,13000001,小米商店,厂商商店,308,42.21%,8.77%
2021-01-07,每天清理,60000011,今日头条-优联达,信息流,3,None,None
2021-01-07,每天清理,60000027,内推测试,内推,29,34.48%,0.00%
2021-01-07,每天清理,60000028,内推测试,内推,50,42.00%,0.00%
2021-01-07,每天清理,all,None,None,129,43.41%,0.00%
2021-01-07,每天清理,60000069,今日头条-利欧,信息流,2,100.00%,0.00%
2021-01-07,每天清理,60000000,腾讯应用宝,厂商商店,1,100.00%,0.00%
2021-01-07,每天清理,60000079,魅族商店,厂商商店,2,50.00%,0.00%
2021-01-07,每天清理,60000002,oppo,厂商商店,42,50.00%,0.00%
2021-01-07,极速降温大师,80039,今日头条-辉煌明天,信息流,2,None,None
2021-01-07,极速降温大师,80000,oppo,厂商商店,1,None,None
2021-01-07,极速降温大师,80045,今日头条-鲲鹏,信息流,2,None,None
2021-01-07,极速降温大师,80002,华为,厂商商店,40,47.50%,0.00%
2021-01-07,极速降温大师,80006,头条-傲屹,信息流,1,None,None
2021-01-07,极速降温大师,80007,头条-傲屹,信息流,1,None,None
2021-01-07,极速降温大师,80035,今日头条-辉煌明天,信息流,1,None,None
2021-01-07,极速降温大师,all,None,None,48,39.58%,0.00%
2021-01-07,暖阳天气,200561,None,None,3,66.67%,0.00%
2021-01-07,暖阳天气,all,None,None,31,16.13%,0.00%
2021-01-07,暖阳天气,14000001,小米商店,厂商商店,1,0.00%,0.00%
2021-01-07,暖阳天气,14000002,oppo,厂商商店,6,33.33%,0.00%
2021-01-07,暖阳天气,14000003,vivo商店,厂商商店,15,None,None
2021-01-07,暖阳天气,14000004,魅族商店,厂商商店,6,16.67%,0.00%
2021-01-07,手机加速精灵,12000021,今日头条-鲲鹏,信息流,6,None,None
2021-01-07,手机加速精灵,all,None,None,4468,28.67%,7.23%
2021-01-07,手机加速精灵,12000002,oppo,厂商商店,34,29.41%,0.00%
2021-01-07,手机加速精灵,12000005,魅族商店,厂商商店,428,39.72%,9.11%
2021-01-07,手机加速精灵,12000007,魅族-星火,信息流,3996,27.45%,7.03%
2021-01-07,急速安全大师,all,None,None,3547,29.74%,6.71%
2021-01-07,急速安全大师,90016,魅族商店,厂商商店,223,35.43%,6.73%
2021-01-07,急速安全大师,90027,魅族-星火,信息流,2059,29.67%,6.31%
2021-01-07,急速安全大师,90033,今日头条-鲲鹏,信息流,1257,28.72%,7.40%
2021-01-07,垃圾清理大师,300363,广点通—贝壳,信息流,1,100.00%,0.00%
2021-01-07,垃圾清理大师,300077,应用宝-垃圾清理,三方市场,70,31.43%,14.29%
2021-01-07,垃圾清理大师,300000,华为-垃圾清理,厂商商店免费,92,41.30%,15.22%
2021-01-07,垃圾清理大师,300468,魅族-星火,信息流,2,0.00%,0.00%
2021-01-07,垃圾清理大师,300365,广点通—贝壳,信息流,1,None,None
2021-01-07,垃圾清理大师,300184,今日头条-辉煌明天,信息流,1,100.00%,0.00%
2021-01-07,垃圾清理大师,300001,小米-垃圾清理,厂商商店免费,8,25.00%,12.50%
2021-01-07,垃圾清理大师,300479,内推测试,内推,1,100.00%,0.00%
2021-01-07,垃圾清理大师,300373,橙芯科技,运营商,10,10.00%,30.00%
2021-01-07,垃圾清理大师,300207,广点通—贝壳,信息流,1,None,None
2021-01-07,垃圾清理大师,300002,oppo-垃圾清理,厂商商店免费,21,52.38%,33.33%
2021-01-07,垃圾清理大师,300480,内推测试,内推,60,38.33%,10.00%
2021-01-07,垃圾清理大师,300436,广点通—贝壳,信息流,3,66.67%,0.00%
2021-01-07,垃圾清理大师,300210,广点通—贝壳,信息流,1,None,None
2021-01-07,垃圾清理大师,300004,魅族-垃圾清理,厂商商店免费,9,33.33%,22.22%
2021-01-07,垃圾清理大师,all,,None,288,36.81%,14.93%
2021-01-07,垃圾清理大师,300463,今日头条-舜风,信息流,1,100.00%,0.00%
2021-01-07,垃圾清理大师,300218,广点通—贝壳,信息流,1,None,None
2021-01-07,垃圾清理大师,300020,今日头条-点思,信息流,1,None,None
2021-01-07,垃圾清理大师,300466,魅族-星火,信息流,4,None,None
2021-01-07,加速大师,all,None,None,8,0.00%,0.00%
2021-01-07,加速大师,40000,小米商店,厂商商店,1,None,None
2021-01-07,加速大师,40002,魅族商店,厂商商店,2,0.00%,0.00%
2021-01-07,加速大师,40004,腾讯应用宝,三方市场,4,None,None
2021-01-07,加速大师,40019,今日头条-天拓,信息流,1,None,None
2021-01-07,全能清理助手,20009,今日头条-哇棒,信息流,214,25.70%,3.74%
2021-01-07,全能清理助手,20020,今日头条-鲲鹏,信息流,1718,35.97%,6.98%
2021-01-07,全能清理助手,all,None,None,7213,36.34%,9.03%
2021-01-07,全能清理助手,20038,今日头条-总包,信息流,850,43.53%,10.35%
2021-01-07,全能清理助手,20002,oppo,厂商商店,296,53.72%,20.95%
2021-01-07,全能清理助手,20005,魅族商店,厂商商店,720,45.14%,13.75%
2021-01-07,全能清理助手,20007,魅族-星火,信息流,3406,32.00%,7.99%
2021-01-08,降温精灵,700003,华为-降温精灵,厂商商店免费,75,53.33%,0.00%
2021-01-08,降温精灵,700490,优优互联,信息流,2,None,None
2021-01-08,降温精灵,700648,小米-微创,信息流,1,None,None
2021-01-08,降温精灵,700245,今日头条-优联达,信息流,1,None,None
2021-01-08,降温精灵,700611,内推,内推,1,None,None
2021-01-08,降温精灵,700201,广点通-辉煌明天,信息流,1,None,None
2021-01-08,降温精灵,700556,广点通-舜风,信息流,1,None,None
2021-01-08,降温精灵,700004,oppo-降温精灵,厂商商店免费,262,64.50%,0.00%
2021-01-08,降温精灵,700491,优优互联,信息流,4,25.00%,0.00%
2021-01-08,降温精灵,700273,今日头条-优联达,信息流,3,33.33%,0.00%
2021-01-08,降温精灵,700618,小米-微创,信息流,1,None,None
2021-01-08,降温精灵,700207,广点通-辉煌明天,信息流,1,100.00%,0.00%
2021-01-08,降温精灵,700561,广点通-舜风,信息流,1,None,None
2021-01-08,降温精灵,700005,vivo-降温精灵,厂商商店免费,72,43.06%,0.00%
2021-01-08,降温精灵,700492,趣头条-优优互联,信息流,1,None,None
2021-01-08,降温精灵,all,None,None,799,55.19%,0.00%
2021-01-08,降温精灵,700342,广点通—贝壳,信息流,1,100.00%,0.00%
2021-01-08,降温精灵,700619,小米-微创,信息流,9,22.22%,0.00%
2021-01-08,降温精灵,700225,广点通—贝壳,信息流,1,None,None
2021-01-08,降温精灵,700567,橙芯科技,联盟,3,33.33%,0.00%
2021-01-08,降温精灵,700008,魅族-降温精灵,厂商商店免费,207,52.17%,0.00%
2021-01-08,降温精灵,700493,今日头条-舜风,信息流,1,None,None
2021-01-08,降温精灵,700000,应用宝-降温精灵,三方市场,47,51.06%,0.00%
2021-01-08,降温精灵,700482,广点通—贝壳,信息流,1,100.00%,0.00%
2021-01-08,降温精灵,700628,快手-天拓,信息流,1,100.00%,0.00%
2021-01-08,降温精灵,700241,今日头条-优联达,信息流,1,100.00%,0.00%
2021-01-08,降温精灵,700568,橙芯科技,联盟,1,100.00%,0.00%
2021-01-08,降温精灵,700080,广点通-西藏亦复,信息流,1,None,None
2021-01-08,降温精灵,700499,今日头条-舜风,信息流,6,66.67%,0.00%
2021-01-08,降温精灵,700002,小米-降温精灵,厂商商店免费,64,62.50%,0.00%
2021-01-08,降温精灵,700489,优优互联,信息流,10,50.00%,0.00%
2021-01-08,降温精灵,700633,小米-微创,信息流,1,None,None
2021-01-08,降温精灵,700244,今日头条-优联达,信息流,4,75.00%,0.00%
2021-01-08,降温精灵,700591,今日头条-舜风,信息流,1,None,None
2021-01-08,降温精灵,700111,快手-核桃林,信息流,1,100.00%,0.00%
2021-01-08,降温精灵,700534,魅族-星火,信息流,11,45.45%,0.00%
2021-01-08,降温神器,50000045,今日头条-天拓,信息流,1,None,None
2021-01-08,降温神器,50000015,广点通-优联达,信息流,6,16.67%,0.00%
2021-01-08,降温神器,50000003,oppo,厂商商店,223,65.47%,0.00%
2021-01-08,降温神器,50000112,魅族-星火,信息流,2,None,None
2021-01-08,降温神器,50000067,cm内推马甲包,内推,55,52.73%,0.00%
2021-01-08,降温神器,50000018,今日头条-天拓,信息流,1,None,None
2021-01-08,降温神器,50000005,魅族商店,厂商商店,50,50.00%,0.00%
2021-01-08,降温神器,50000074,内推测试,内推,5,60.00%,0.00%
2021-01-08,降温神器,50000022,广点通-优联达,信息流,1,100.00%,0.00%
2021-01-08,降温神器,50000007,头条-傲屹,信息流,6,50.00%,0.00%
2021-01-08,降温神器,all,None,None,423,55.56%,0.00%
2021-01-08,降温神器,50000075,内推测试,内推,21,28.57%,0.00%
2021-01-08,降温神器,50000026,今日头条-辉煌明天,信息流,1,None,None
2021-01-08,降温神器,50000008,头条-傲屹,信息流,3,33.33%,0.00%
2021-01-08,降温神器,50000000,腾讯应用宝,厂商商店,9,55.56%,0.00%
2021-01-08,降温神器,50000089,今日头条-鲲鹏,信息流,3,33.33%,0.00%
2021-01-08,降温神器,50000038,魅族-优优互联,信息流,2,None,None
2021-01-08,降温神器,50000013,今日头条-鲲鹏,信息流,2,50.00%,0.00%
2021-01-08,降温神器,50000002,小米商店,厂商商店,31,38.71%,0.00%
2021-01-08,降温神器,50000095,魅族-优优互联,信息流,1,100.00%,0.00%
2021-01-08,超强降温神器,11000013,魅族-星火,信息流,1883,25.92%,0.00%
2021-01-08,超强降温神器,all,None,None,14391,44.90%,0.00%
2021-01-08,超强降温神器,11000015,今日头条-鲲鹏,信息流,169,45.56%,0.00%
2021-01-08,超强降温神器,11000002,oppo,厂商商店,10602,50.87%,0.00%
2021-01-08,超强降温神器,11000016,今日头条-鲲鹏,信息流,127,39.37%,0.00%
2021-01-08,超强降温神器,11000005,魅族商店,厂商商店,804,35.57%,0.00%
2021-01-08,超强降温神器,11000033,今日头条-鲲鹏,信息流,16,75.00%,0.00%
2021-01-08,超强降温神器,11000008,今日头条-哇棒,信息流,535,22.06%,0.00%
2021-01-08,超强降温神器,11000039,今日头条-总包,信息流,143,9.79%,0.00%
2021-01-08,超强降温神器,11000011,今日头条-维度,信息流,102,16.67%,0.00%
2021-01-08,超强降温大师,all,None,None,98,38.78%,0.00%
2021-01-08,超强降温大师,10000009,oppo,厂商商店,58,41.38%,0.00%
2021-01-08,超强降温大师,10000012,魅族商店,厂商商店,26,38.46%,0.00%
2021-01-08,超强降温大师,10000026,魅族-星火,信息流,6,None,None
2021-01-08,每天清理极速版,13000000,华为,厂商商店,505,25.74%,0.00%
2021-01-08,每天清理极速版,13000001,小米商店,厂商商店,248,36.29%,0.00%
2021-01-08,每天清理极速版,13000005,魅族商店,厂商商店,250,35.20%,0.00%
2021-01-08,每天清理极速版,13000014,今日头条-鲲鹏,信息流,8,None,None
2021-01-08,每天清理极速版,13000015,今日头条-鲲鹏,信息流,4637,37.29%,0.00%
2021-01-08,每天清理极速版,all,None,None,7251,35.71%,0.00%
2021-01-08,每天清理极速版,13000019,魅族-星火,信息流,1603,34.12%,0.00%
2021-01-08,每天清理,all,None,None,114,45.61%,0.00%
2021-01-08,每天清理,60000037,今日头条-鲲鹏,信息流,1,None,None
2021-01-08,每天清理,60000027,内推测试,内推,26,50.00%,0.00%
2021-01-08,每天清理,60000000,腾讯应用宝,厂商商店,1,100.00%,0.00%
2021-01-08,每天清理,60000041,广点通-优联达,信息流,1,None,None
2021-01-08,每天清理,60000028,内推测试,内推,36,38.89%,0.00%
2021-01-08,每天清理,60000002,oppo,厂商商店,39,51.28%,0.00%
2021-01-08,每天清理,60000079,魅族商店,厂商商店,4,50.00%,0.00%
2021-01-08,每天清理,60000031,今日头条-辉煌明天,信息流,1,100.00%,0.00%
2021-01-08,每天清理,60000011,今日头条-优联达,信息流,1,None,None
2021-01-08,每天清理,60000034,今日头条-鲲鹏,信息流,1,None,None
2021-01-08,每天清理,60000016,头条-傲屹,信息流,1,None,None
2021-01-08,每天清理,60000036,今日头条-鲲鹏,信息流,1,100.00%,0.00%
2021-01-08,每天清理,60000018,头条-傲屹,信息流,1,None,None
2021-01-08,极速降温大师,80006,头条-傲屹,信息流,2,100.00%,0.00%
2021-01-08,极速降温大师,80007,头条-傲屹,信息流,2,50.00%,0.00%
2021-01-08,极速降温大师,80009,头条-傲屹,信息流,1,None,None
2021-01-08,极速降温大师,all,None,None,44,45.45%,0.00%
2021-01-08,极速降温大师,80045,今日头条-鲲鹏,信息流,2,None,None
2021-01-08,极速降温大师,80000,oppo,厂商商店,3,33.33%,0.00%
2021-01-08,极速降温大师,80002,华为,厂商商店,34,47.06%,0.00%
2021-01-08,暖阳天气,99999,None,None,1,100.00%,0.00%
2021-01-08,暖阳天气,all,None,None,18,44.44%,0.00%
2021-01-08,暖阳天气,13000000,None,None,1,100.00%,0.00%
2021-01-08,暖阳天气,14000002,oppo,厂商商店,14,35.71%,0.00%
2021-01-08,暖阳天气,14000004,魅族商店,厂商商店,1,None,None
2021-01-08,暖阳天气,14000010,今日头条-鲲鹏,信息流,1,100.00%,0.00%
2021-01-08,手机加速精灵,12000016,今日头条-辉煌明天,信息流,6,None,None
2021-01-08,手机加速精灵,12000021,今日头条-鲲鹏,信息流,7,None,None
2021-01-08,手机加速精灵,all,None,None,3749,32.86%,0.00%
2021-01-08,手机加速精灵,12000002,oppo,厂商商店,28,39.29%,0.00%
2021-01-08,手机加速精灵,12000005,魅族商店,厂商商店,380,36.32%,0.00%
2021-01-08,手机加速精灵,12000007,魅族-星火,信息流,3324,32.46%,0.00%
2021-01-08,急速安全大师,90016,魅族商店,厂商商店,210,33.81%,0.00%
2021-01-08,急速安全大师,90027,魅族-星火,信息流,1703,30.42%,0.00%
2021-01-08,急速安全大师,90033,今日头条-鲲鹏,信息流,1333,30.53%,0.00%
2021-01-08,急速安全大师,all,None,None,3248,30.67%,0.00%
2021-01-08,垃圾清理大师,300184,今日头条-辉煌明天,信息流,1,100.00%,0.00%
2021-01-08,垃圾清理大师,300001,小米-垃圾清理,厂商商店免费,9,22.22%,0.00%
2021-01-08,垃圾清理大师,300480,内推测试,内推,53,43.40%,0.00%
2021-01-08,垃圾清理大师,300373,橙芯科技,运营商,5,20.00%,0.00%
2021-01-08,垃圾清理大师,300206,广点通—贝壳,信息流,1,0.00%,0.00%
2021-01-08,垃圾清理大师,300002,oppo-垃圾清理,厂商商店免费,53,60.38%,0.00%
2021-01-08,垃圾清理大师,all,,None,306,45.42%,0.00%
2021-01-08,垃圾清理大师,300452,优优互联,信息流,2,50.00%,0.00%
2021-01-08,垃圾清理大师,300210,广点通—贝壳,信息流,1,None,None
2021-01-08,垃圾清理大师,300004,魅族-垃圾清理,厂商商店免费,9,33.33%,0.00%
2021-01-08,垃圾清理大师,300463,今日头条-舜风,信息流,1,None,None
2021-01-08,垃圾清理大师,300217,广点通—贝壳,信息流,1,None,None
2021-01-08,垃圾清理大师,300007,今日头条-辉煌明天,信息流,1,100.00%,0.00%
2021-01-08,垃圾清理大师,300466,魅族-星火,信息流,10,40.00%,0.00%
2021-01-08,垃圾清理大师,300218,广点通—贝壳,信息流,2,None,None
2021-01-08,垃圾清理大师,300077,应用宝-垃圾清理,三方市场,62,43.55%,0.00%
2021-01-08,垃圾清理大师,300000,华为-垃圾清理,厂商商店免费,90,47.78%,0.00%
2021-01-08,垃圾清理大师,300468,魅族-星火,信息流,4,25.00%,0.00%
2021-01-08,垃圾清理大师,300365,广点通—贝壳,信息流,1,None,None
2021-01-08,加速大师,all,None,None,5,40.00%,0.00%
2021-01-08,加速大师,40002,魅族商店,厂商商店,3,33.33%,0.00%
2021-01-08,加速大师,40019,今日头条-天拓,信息流,1,100.00%,0.00%
2021-01-08,加速大师,40028,今日头条-优联达,信息流,1,None,None
2021-01-08,全能清理助手,20005,魅族商店,厂商商店,834,42.09%,0.00%
2021-01-08,全能清理助手,20007,魅族-星火,信息流,2778,31.82%,0.00%
2021-01-08,全能清理助手,20009,今日头条-哇棒,信息流,556,10.79%,0.00%
2021-01-08,全能清理助手,20020,今日头条-鲲鹏,信息流,1600,36.56%,0.00%
2021-01-08,全能清理助手,all,None,None,10772,43.48%,0.00%
2021-01-08,全能清理助手,20038,今日头条-总包,信息流,919,46.46%,0.00%
2021-01-08,全能清理助手,20002,oppo,厂商商店,4075,58.23%,0.00%
2021-01-09,降温精灵,700238,今日头条-辉煌明天,信息流,2,50.00%,0.00%
2021-01-09,降温精灵,700600,今日头条-优联达,信息流,1,None,None
2021-01-09,降温精灵,700105,快手-核桃林,信息流,1,None,None
2021-01-09,降温精灵,700499,今日头条-舜风,信息流,2,50.00%,0.00%
2021-01-09,降温精灵,700005,vivo-降温精灵,厂商商店免费,83,42.17%,0.00%
2021-01-09,降温精灵,700479,广点通—贝壳,信息流,1,100.00%,0.00%
2021-01-09,降温精灵,700244,今日头条-优联达,信息流,5,40.00%,0.00%
2021-01-09,降温精灵,700618,小米-微创,信息流,1,100.00%,0.00%
2021-01-09,降温精灵,all,None,None,912,48.79%,0.00%
2021-01-09,降温精灵,700157,今日头条-云锐,信息流,1,None,None
2021-01-09,降温精灵,700534,魅族-星火,信息流,10,20.00%,0.00%
2021-01-09,降温精灵,700006,百度-降温精灵,三方市场,1,None,None
2021-01-09,降温精灵,700482,广点通—贝壳,信息流,2,None,None
2021-01-09,降温精灵,700245,今日头条-优联达,信息流,1,100.00%,0.00%
2021-01-09,降温精灵,700619,小米-微创,信息流,6,50.00%,0.00%
2021-01-09,降温精灵,700000,应用宝-降温精灵,三方市场,58,32.76%,0.00%
2021-01-09,降温精灵,700203,广点通-辉煌明天,信息流,1,None,None
2021-01-09,降温精灵,700567,橙芯科技,联盟,6,50.00%,0.00%
2021-01-09,降温精灵,700008,魅族-降温精灵,厂商商店免费,242,44.21%,0.00%
2021-01-09,降温精灵,700489,优优互联,信息流,5,40.00%,0.00%
2021-01-09,降温精灵,700273,今日头条-优联达,信息流,7,28.57%,0.00%
2021-01-09,降温精灵,700623,橙芯科技,联盟,1,100.00%,0.00%
2021-01-09,降温精灵,700002,小米-降温精灵,厂商商店免费,71,59.15%,0.00%
2021-01-09,降温精灵,700225,广点通—贝壳,信息流,1,None,None
2021-01-09,降温精灵,700568,橙芯科技,联盟,2,50.00%,0.00%
2021-01-09,降温精灵,700039,今日头条-辉煌明天,信息流,1,None,None
2021-01-09,降温精灵,700491,优优互联,信息流,4,25.00%,0.00%
2021-01-09,降温精灵,700341,广点通—贝壳,信息流,1,None,None
2021-01-09,降温精灵,700628,快手-天拓,信息流,1,None,None
2021-01-09,降温精灵,700003,华为-降温精灵,厂商商店免费,71,50.70%,0.00%
2021-01-09,降温精灵,700227,广点通—贝壳,信息流,1,100.00%,0.00%
2021-01-09,降温精灵,700591,今日头条-舜风,信息流,2,50.00%,0.00%
2021-01-09,降温精灵,700080,广点通-西藏亦复,信息流,2,50.00%,0.00%
2021-01-09,降温精灵,700493,今日头条-舜风,信息流,1,None,None
2021-01-09,降温精灵,700004,oppo-降温精灵,厂商商店免费,314,57.64%,0.00%
2021-01-09,降温精灵,700342,广点通—贝壳,信息流,1,None,None
2021-01-09,降温精灵,700633,小米-微创,信息流,2,None,None
2021-01-09,降温神器,50000014,今日头条-鲲鹏,信息流,3,None,None
2021-01-09,降温神器,50000005,魅族商店,厂商商店,41,68.29%,0.00%
2021-01-09,降温神器,50000089,今日头条-鲲鹏,信息流,1,100.00%,0.00%
2021-01-09,降温神器,50000015,广点通-优联达,信息流,7,14.29%,0.00%
2021-01-09,降温神器,50000007,头条-傲屹,信息流,12,25.00%,0.00%
2021-01-09,降温神器,50000091,今日头条-鲲鹏,信息流,1,None,None
2021-01-09,降温神器,all,None,None,472,54.24%,0.00%
2021-01-09,降温神器,50000018,今日头条-天拓,信息流,3,33.33%,0.00%
2021-01-09,降温神器,50000008,头条-傲屹,信息流,3,66.67%,0.00%
2021-01-09,降温神器,50000095,魅族-优优互联,信息流,1,100.00%,0.00%
2021-01-09,降温神器,50000000,腾讯应用宝,厂商商店,13,53.85%,0.00%
2021-01-09,降温神器,50000067,cm内推马甲包,内推,41,43.90%,0.00%
2021-01-09,降温神器,50000009,头条-傲屹,信息流,1,None,None
2021-01-09,降温神器,50000002,小米商店,厂商商店,26,42.31%,0.00%
2021-01-09,降温神器,50000074,内推测试,内推,4,50.00%,0.00%
2021-01-09,降温神器,50000013,今日头条-鲲鹏,信息流,2,50.00%,0.00%
2021-01-09,降温神器,50000003,oppo,厂商商店,291,58.08%,0.00%
2021-01-09,降温神器,50000075,内推测试,内推,22,50.00%,0.00%
2021-01-09,超强降温神器,11000013,魅族-星火,信息流,1980,25.10%,0.00%
2021-01-09,超强降温神器,all,None,None,12186,43.65%,0.00%
2021-01-09,超强降温神器,11000015,今日头条-鲲鹏,信息流,235,36.60%,0.00%
2021-01-09,超强降温神器,11000002,oppo,厂商商店,8251,51.28%,0.00%
2021-01-09,超强降温神器,11000016,今日头条-鲲鹏,信息流,223,39.01%,0.00%
2021-01-09,超强降温神器,11000005,魅族商店,厂商商店,700,37.86%,0.00%
2021-01-09,超强降温神器,11000033,今日头条-鲲鹏,信息流,11,63.64%,0.00%
2021-01-09,超强降温神器,11000008,今日头条-哇棒,信息流,343,24.20%,0.00%
2021-01-09,超强降温神器,11000039,今日头条-总包,信息流,293,8.53%,0.00%
2021-01-09,超强降温神器,11000011,今日头条-维度,信息流,139,23.02%,0.00%
2021-01-09,超强降温大师,10000009,oppo,厂商商店,39,51.28%,0.00%
2021-01-09,超强降温大师,10000012,魅族商店,厂商商店,47,36.17%,0.00%
2021-01-09,超强降温大师,10000026,魅族-星火,信息流,6,None,None
2021-01-09,超强降温大师,all,None,None,99,42.42%,0.00%
2021-01-09,每天清理极速版,13000015,今日头条-鲲鹏,信息流,5852,35.10%,0.00%
2021-01-09,每天清理极速版,all,None,None,8857,33.66%,0.00%
2021-01-09,每天清理极速版,13000019,魅族-星火,信息流,1744,30.73%,0.00%
2021-01-09,每天清理极速版,13000000,华为,厂商商店,732,26.50%,0.00%
2021-01-09,每天清理极速版,13000001,小米商店,厂商商店,234,39.32%,0.00%
2021-01-09,每天清理极速版,13000005,魅族商店,厂商商店,287,36.24%,0.00%
2021-01-09,每天清理极速版,13000014,今日头条-鲲鹏,信息流,7,None,None
2021-01-09,每天清理,60000002,oppo,厂商商店,39,46.15%,0.00%
2021-01-09,每天清理,60000043,广点通-优联达,信息流,1,None,None
2021-01-09,每天清理,60000021,头条-傲屹,信息流,2,100.00%,0.00%
2021-01-09,每天清理,60000044,今日头条-为盟,信息流,1,None,None
2021-01-09,每天清理,60000027,内推测试,内推,44,56.82%,0.00%
2021-01-09,每天清理,60000079,魅族商店,厂商商店,3,33.33%,0.00%
2021-01-09,每天清理,60000028,内推测试,内推,49,53.06%,0.00%
2021-01-09,每天清理,all,None,None,144,52.78%,0.00%
2021-01-09,每天清理,60000034,今日头条-鲲鹏,信息流,1,None,None
2021-01-09,每天清理,60000000,腾讯应用宝,厂商商店,1,100.00%,0.00%
2021-01-09,每天清理,60000035,今日头条-鲲鹏,信息流,3,100.00%,0.00%
2021-01-09,极速降温大师,80045,今日头条-鲲鹏,信息流,1,None,None
2021-01-09,极速降温大师,80002,华为,厂商商店,38,57.89%,0.00%
2021-01-09,极速降温大师,80009,头条-傲屹,信息流,2,None,None
2021-01-09,极速降温大师,80035,今日头条-辉煌明天,信息流,1,None,None
2021-01-09,极速降温大师,80039,今日头条-辉煌明天,信息流,1,100.00%,0.00%
2021-01-09,极速降温大师,all,None,None,47,51.06%,0.00%
2021-01-09,极速降温大师,80044,今日头条-鲲鹏,信息流,1,None,None
2021-01-09,极速降温大师,80000,oppo,厂商商店,3,33.33%,0.00%
2021-01-09,暖阳天气,14000004,魅族商店,厂商商店,2,50.00%,0.00%
2021-01-09,暖阳天气,14000010,今日头条-鲲鹏,信息流,1,100.00%,0.00%
2021-01-09,暖阳天气,all,None,None,16,43.75%,0.00%
2021-01-09,暖阳天气,14000001,小米商店,厂商商店,1,None,None
2021-01-09,暖阳天气,14000002,oppo,厂商商店,11,45.45%,0.00%
2021-01-09,暖阳天气,14000003,vivo商店,厂商商店,1,None,None
2021-01-09,手机加速精灵,12000021,今日头条-鲲鹏,信息流,6,None,None
2021-01-09,手机加速精灵,all,None,None,3883,30.41%,0.00%
2021-01-09,手机加速精灵,12000002,oppo,厂商商店,27,29.63%,0.00%
2021-01-09,手机加速精灵,12000005,魅族商店,厂商商店,415,33.73%,0.00%
2021-01-09,手机加速精灵,12000007,魅族-星火,信息流,3429,29.95%,0.00%
2021-01-09,急速安全大师,90033,今日头条-鲲鹏,信息流,1264,31.49%,0.00%
2021-01-09,急速安全大师,all,None,None,3471,31.66%,0.00%
2021-01-09,急速安全大师,90016,魅族商店,厂商商店,263,37.26%,0.00%
2021-01-09,急速安全大师,90027,魅族-星火,信息流,1940,31.03%,0.00%
2021-01-09,垃圾清理大师,300004,魅族-垃圾清理,厂商商店免费,11,27.27%,0.00%
2021-01-09,垃圾清理大师,all,,None,410,44.63%,0.00%
2021-01-09,垃圾清理大师,300436,广点通—贝壳,信息流,1,None,None
2021-01-09,垃圾清理大师,300077,应用宝-垃圾清理,三方市场,84,41.67%,0.00%
2021-01-09,垃圾清理大师,300452,优优互联,信息流,1,100.00%,0.00%
2021-01-09,垃圾清理大师,300198,今日头条-优联达,信息流,1,None,None
2021-01-09,垃圾清理大师,300000,华为-垃圾清理,厂商商店免费,113,41.59%,0.00%
2021-01-09,垃圾清理大师,300466,魅族-星火,信息流,6,16.67%,0.00%
2021-01-09,垃圾清理大师,300202,广点通—贝壳,信息流,2,None,None
2021-01-09,垃圾清理大师,300001,小米-垃圾清理,厂商商店免费,13,53.85%,0.00%
2021-01-09,垃圾清理大师,300468,魅族-星火,信息流,1,None,None
2021-01-09,垃圾清理大师,300363,广点通—贝壳,信息流,1,None,None
2021-01-09,垃圾清理大师,300002,oppo-垃圾清理,厂商商店免费,100,57.00%,0.00%
2021-01-09,垃圾清理大师,300480,内推测试,内推,71,40.85%,0.00%
2021-01-09,垃圾清理大师,300373,橙芯科技,运营商,5,60.00%,0.00%
2021-01-09,加速大师,40000,小米商店,厂商商店,1,None,None
2021-01-09,加速大师,40002,魅族商店,厂商商店,1,None,None
2021-01-09,加速大师,40019,今日头条-天拓,信息流,2,50.00%,0.00%
2021-01-09,加速大师,40027,今日头条-优联达,信息流,1,None,None
2021-01-09,加速大师,all,None,None,5,20.00%,0.00%
2021-01-09,全能清理助手,20038,今日头条-总包,信息流,787,38.12%,0.00%
2021-01-09,全能清理助手,20002,oppo,厂商商店,4303,53.01%,0.00%
2021-01-09,全能清理助手,20005,魅族商店,厂商商店,755,41.46%,0.00%
2021-01-09,全能清理助手,20007,魅族-星火,信息流,3440,32.97%,0.00%
2021-01-09,全能清理助手,20009,今日头条-哇棒,信息流,290,8.97%,0.00%
2021-01-09,全能清理助手,20020,今日头条-鲲鹏,信息流,1297,35.85%,0.00%
2021-01-09,全能清理助手,all,None,None,10879,41.55%,0.00%
2021-01-10,降温精灵,700192,今日头条-辉煌明天,信息流,2,50.00%,0.00%
2021-01-10,降温精灵,700568,橙芯科技,联盟,2,50.00%,0.00%
2021-01-10,降温精灵,700004,oppo-降温精灵,厂商商店免费,319,61.76%,0.00%
2021-01-10,降温精灵,700491,优优互联,信息流,3,None,None
2021-01-10,降温精灵,700623,橙芯科技,联盟,1,None,None
2021-01-10,降温精灵,all,None,None,922,52.28%,0.00%
2021-01-10,降温精灵,700342,广点通—贝壳,信息流,2,None,None
2021-01-10,降温精灵,700202,广点通-辉煌明天,信息流,1,None,None
2021-01-10,降温精灵,700591,今日头条-舜风,信息流,1,100.00%,0.00%
2021-01-10,降温精灵,700005,vivo-降温精灵,厂商商店免费,84,53.57%,0.00%
2021-01-10,降温精灵,700493,今日头条-舜风,信息流,1,100.00%,0.00%
2021-01-10,降温精灵,700633,小米-微创,信息流,1,None,None
2021-01-10,降温精灵,100000,None,None,1,100.00%,0.00%
2021-01-10,降温精灵,700479,广点通—贝壳,信息流,1,None,None
2021-01-10,降温精灵,700601,今日头条-优联达,信息流,2,None,None
2021-01-10,降温精灵,700206,广点通-辉煌明天,信息流,1,None,None
2021-01-10,降温精灵,700008,魅族-降温精灵,厂商商店免费,229,44.98%,0.00%
2021-01-10,降温精灵,700499,今日头条-舜风,信息流,4,75.00%,0.00%
2021-01-10,降温精灵,700000,应用宝-降温精灵,三方市场,60,43.33%,0.00%
2021-01-10,降温精灵,700482,广点通—贝壳,信息流,1,None,None
2021-01-10,降温精灵,700611,内推,内推,1,100.00%,0.00%
2021-01-10,降温精灵,700207,广点通-辉煌明天,信息流,1,100.00%,0.00%
2021-01-10,降温精灵,700039,今日头条-辉煌明天,信息流,1,None,None
2021-01-10,降温精灵,700534,魅族-星火,信息流,9,22.22%,0.00%
2021-01-10,降温精灵,700002,小米-降温精灵,厂商商店免费,69,57.97%,0.00%
2021-01-10,降温精灵,700489,优优互联,信息流,9,33.33%,0.00%
2021-01-10,降温精灵,700618,小米-微创,信息流,1,None,None
2021-01-10,降温精灵,700244,今日头条-优联达,信息流,5,80.00%,0.00%
2021-01-10,降温精灵,700043,今日头条-云锐,信息流,2,None,None
2021-01-10,降温精灵,700567,橙芯科技,联盟,9,33.33%,0.00%
2021-01-10,降温精灵,700003,华为-降温精灵,厂商商店免费,84,55.95%,0.00%
2021-01-10,降温精灵,700490,优优互联,信息流,3,33.33%,0.00%
2021-01-10,降温精灵,700619,小米-微创,信息流,6,16.67%,0.00%
2021-01-10,降温精灵,700273,今日头条-优联达,信息流,6,None,None
2021-01-10,降温神器,50000013,今日头条-鲲鹏,信息流,2,50.00%,0.00%
2021-01-10,降温神器,50000002,小米商店,厂商商店,25,40.00%,0.00%
2021-01-10,降温神器,50000112,魅族-星火,信息流,1,100.00%,0.00%
2021-01-10,降温神器,50000068,cm内推马甲包,内推,1,0.00%,0.00%
2021-01-10,降温神器,50000015,广点通-优联达,信息流,7,14.29%,0.00%
2021-01-10,降温神器,50000003,oppo,厂商商店,255,56.86%,0.00%
2021-01-10,降温神器,50000074,内推测试,内推,4,50.00%,0.00%
2021-01-10,降温神器,50000018,今日头条-天拓,信息流,1,None,None
2021-01-10,降温神器,50000005,魅族商店,厂商商店,53,43.40%,0.00%
2021-01-10,降温神器,50000075,内推测试,内推,24,50.00%,0.00%
2021-01-10,降温神器,50000022,广点通-优联达,信息流,2,50.00%,0.00%
2021-01-10,降温神器,50000007,头条-傲屹,信息流,5,40.00%,0.00%
2021-01-10,降温神器,all,None,None,454,51.32%,0.00%
2021-01-10,降温神器,50000089,今日头条-鲲鹏,信息流,3,33.33%,0.00%
2021-01-10,降温神器,50000038,魅族-优优互联,信息流,1,100.00%,0.00%
2021-01-10,降温神器,50000008,头条-傲屹,信息流,1,100.00%,0.00%
2021-01-10,降温神器,50000000,腾讯应用宝,厂商商店,19,63.16%,0.00%
2021-01-10,降温神器,50000095,魅族-优优互联,信息流,1,None,None
2021-01-10,降温神器,50000067,cm内推马甲包,内推,49,40.82%,0.00%
2021-01-10,超强降温神器,11000015,今日头条-鲲鹏,信息流,308,39.94%,0.00%
2021-01-10,超强降温神器,11000002,oppo,厂商商店,10021,55.05%,0.00%
2021-01-10,超强降温神器,11000016,今日头条-鲲鹏,信息流,316,38.29%,0.00%
2021-01-10,超强降温神器,11000005,魅族商店,厂商商店,632,38.13%,0.00%
2021-01-10,超强降温神器,11000033,今日头条-鲲鹏,信息流,7,None,None
2021-01-10,超强降温神器,11000008,今日头条-哇棒,信息流,645,29.61%,0.00%
2021-01-10,超强降温神器,11000039,今日头条-总包,信息流,450,5.78%,0.00%
2021-01-10,超强降温神器,11000011,今日头条-维度,信息流,106,16.04%,0.00%
2021-01-10,超强降温神器,11000013,魅族-星火,信息流,1850,25.19%,0.00%
2021-01-10,超强降温神器,all,None,None,14349,46.77%,0.00%
2021-01-10,超强降温大师,all,None,None,112,47.32%,0.00%
2021-01-10,超强降温大师,10000009,oppo,厂商商店,54,61.11%,0.00%
2021-01-10,超强降温大师,10000012,魅族商店,厂商商店,44,36.36%,0.00%
2021-01-10,每天清理极速版,13000005,魅族商店,厂商商店,244,29.10%,0.00%
2021-01-10,每天清理极速版,13000015,今日头条-鲲鹏,信息流,4718,35.42%,0.00%
2021-01-10,每天清理极速版,13000019,魅族-星火,信息流,1769,29.73%,0.00%
2021-01-10,每天清理极速版,all,None,None,7494,33.48%,0.00%
2021-01-10,每天清理极速版,13000000,华为,厂商商店,520,29.62%,0.00%
2021-01-10,每天清理极速版,13000001,小米商店,厂商商店,240,35.42%,0.00%
2021-01-10,每天清理,60000028,内推测试,内推,45,28.89%,0.00%
2021-01-10,每天清理,60000002,oppo,厂商商店,41,58.54%,0.00%
2021-01-10,每天清理,60000031,今日头条-辉煌明天,信息流,1,None,None
2021-01-10,每天清理,60000011,今日头条-优联达,信息流,1,None,None
2021-01-10,每天清理,60000034,今日头条-鲲鹏,信息流,1,100.00%,0.00%
2021-01-10,每天清理,60000020,头条-傲屹,信息流,1,None,None
2021-01-10,每天清理,60000079,魅族商店,厂商商店,6,16.67%,0.00%
2021-01-10,每天清理,60000022,头条-傲屹,信息流,1,None,None
2021-01-10,每天清理,all,None,None,131,37.40%,0.00%
2021-01-10,每天清理,60000027,内推测试,内推,33,30.30%,0.00%
2021-01-10,每天清理,60000000,腾讯应用宝,厂商商店,1,None,None
2021-01-10,极速降温大师,80006,头条-傲屹,信息流,1,None,None
2021-01-10,极速降温大师,80009,头条-傲屹,信息流,3,33.33%,0.00%
2021-01-10,极速降温大师,all,None,None,35,34.29%,0.00%
2021-01-10,极速降温大师,80011,今日头条-优联达,信息流,1,None,None
2021-01-10,极速降温大师,60000026,None,None,1,100.00%,0.00%
2021-01-10,极速降温大师,80045,今日头条-鲲鹏,信息流,1,None,None
2021-01-10,极速降温大师,80000,oppo,厂商商店,5,20.00%,0.00%
2021-01-10,极速降温大师,80002,华为,厂商商店,23,39.13%,0.00%
2021-01-10,暖阳天气,14000004,魅族商店,厂商商店,1,100.00%,0.00%
2021-01-10,暖阳天气,all,None,None,14,57.14%,0.00%
2021-01-10,暖阳天气,14000002,oppo,厂商商店,12,50.00%,0.00%
2021-01-10,暖阳天气,14000003,vivo商店,厂商商店,1,100.00%,0.00%
2021-01-10,手机加速精灵,12000021,今日头条-鲲鹏,信息流,8,None,None
2021-01-10,手机加速精灵,all,None,None,3845,28.04%,0.00%
2021-01-10,手机加速精灵,12000002,oppo,厂商商店,31,32.26%,0.00%
2021-01-10,手机加速精灵,12000005,魅族商店,厂商商店,438,35.84%,0.00%
2021-01-10,手机加速精灵,12000007,魅族-星火,信息流,3361,26.93%,0.00%
2021-01-10,急速安全大师,all,None,None,3358,29.01%,0.00%
2021-01-10,急速安全大师,90016,魅族商店,厂商商店,212,27.83%,0.00%
2021-01-10,急速安全大师,90027,魅族-星火,信息流,1861,29.93%,0.00%
2021-01-10,急速安全大师,90033,今日头条-鲲鹏,信息流,1278,27.93%,0.00%
2021-01-10,垃圾清理大师,300007,今日头条-辉煌明天,信息流,1,None,None
2021-01-10,垃圾清理大师,300466,魅族-星火,信息流,5,20.00%,0.00%
2021-01-10,垃圾清理大师,300216,广点通—贝壳,信息流,1,None,None
2021-01-10,垃圾清理大师,300011,今日头条-辉煌明天,信息流,1,100.00%,0.00%
2021-01-10,垃圾清理大师,300468,魅族-星火,信息流,2,None,None
2021-01-10,垃圾清理大师,300000,华为-垃圾清理,厂商商店免费,123,35.77%,0.00%
2021-01-10,垃圾清理大师,300363,广点通—贝壳,信息流,1,None,None
2021-01-10,垃圾清理大师,300020,今日头条-点思,信息流,1,None,None
2021-01-10,垃圾清理大师,300479,内推测试,内推,2,50.00%,0.00%
2021-01-10,垃圾清理大师,300001,小米-垃圾清理,厂商商店免费,2,None,None
2021-01-10,垃圾清理大师,300365,广点通—贝壳,信息流,1,None,None
2021-01-10,垃圾清理大师,300077,应用宝-垃圾清理,三方市场,78,41.03%,0.00%
2021-01-10,垃圾清理大师,300480,内推测试,内推,67,31.34%,0.00%
2021-01-10,垃圾清理大师,300002,oppo-垃圾清理,厂商商店免费,81,51.85%,0.00%
2021-01-10,垃圾清理大师,300373,橙芯科技,运营商,5,60.00%,0.00%
2021-01-10,垃圾清理大师,300210,广点通—贝壳,信息流,1,None,None
2021-01-10,垃圾清理大师,all,,None,379,39.05%,0.00%
2021-01-10,垃圾清理大师,300004,魅族-垃圾清理,厂商商店免费,3,66.67%,0.00%
2021-01-10,垃圾清理大师,300436,广点通—贝壳,信息流,3,33.33%,0.00%
2021-01-10,垃圾清理大师,300211,广点通—贝壳,信息流,1,None,None
2021-01-10,加速大师,40000,小米商店,厂商商店,3,33.33%,0.00%
2021-01-10,加速大师,40002,魅族商店,厂商商店,2,None,None
2021-01-10,加速大师,40019,今日头条-天拓,信息流,2,50.00%,0.00%
2021-01-10,加速大师,40027,今日头条-优联达,信息流,2,None,None
2021-01-10,加速大师,all,None,None,9,22.22%,0.00%
2021-01-10,全能清理助手,20009,今日头条-哇棒,信息流,137,10.95%,0.00%
2021-01-10,全能清理助手,20020,今日头条-鲲鹏,信息流,812,34.36%,0.00%
2021-01-10,全能清理助手,all,None,None,9345,42.90%,0.00%
2021-01-10,全能清理助手,20038,今日头条-总包,信息流,753,34.13%,0.00%
2021-01-10,全能清理助手,20002,oppo,厂商商店,4198,53.79%,0.00%
2021-01-10,全能清理助手,20005,魅族商店,厂商商店,761,41.39%,0.00%
2021-01-10,全能清理助手,20007,魅族-星火,信息流,2681,33.01%,0.00%
2021-01-11,降温精灵,700039,今日头条-辉煌明天,信息流,1,100.00%,0.00%
2021-01-11,降温精灵,700491,优优互联,信息流,3,33.33%,0.00%
2021-01-11,降温精灵,700003,华为-降温精灵,厂商商店免费,99,50.51%,0.00%
2021-01-11,降温精灵,700274,今日头条-优联达,信息流,1,None,None
2021-01-11,降温精灵,700238,今日头条-辉煌明天,信息流,1,None,None
2021-01-11,降温精灵,700619,小米-微创,信息流,6,50.00%,0.00%
2021-01-11,降温精灵,700043,今日头条-云锐,信息流,1,100.00%,0.00%
2021-01-11,降温精灵,700499,今日头条-舜风,信息流,3,33.33%,0.00%
2021-01-11,降温精灵,700004,oppo-降温精灵,厂商商店免费,267,60.30%,0.00%
2021-01-11,降温精灵,700446,广点通-微盟,信息流,1,None,None
2021-01-11,降温精灵,700241,今日头条-优联达,信息流,1,None,None
2021-01-11,降温精灵,700623,橙芯科技,联盟,1,None,None
2021-01-11,降温精灵,700082,广点通-西藏亦复,信息流,1,None,None
2021-01-11,降温精灵,700500,今日头条-舜风,信息流,1,None,None
2021-01-11,降温精灵,700005,vivo-降温精灵,厂商商店免费,88,51.14%,0.00%
2021-01-11,降温精灵,700479,广点通—贝壳,信息流,1,None,None
2021-01-11,降温精灵,all,None,None,788,49.87%,0.00%
2021-01-11,降温精灵,700244,今日头条-优联达,信息流,2,None,None
2021-01-11,降温精灵,700626,快手-天拓,信息流,1,None,None
2021-01-11,降温精灵,700203,广点通-辉煌明天,信息流,2,None,None
2021-01-11,降温精灵,700534,魅族-星火,信息流,8,25.00%,0.00%
2021-01-11,降温精灵,700006,百度-降温精灵,三方市场,2,None,None
2021-01-11,降温精灵,700489,优优互联,信息流,4,None,None
2021-01-11,降温精灵,700000,应用宝-降温精灵,三方市场,39,43.59%,0.00%
2021-01-11,降温精灵,700245,今日头条-优联达,信息流,1,None,None
2021-01-11,降温精灵,700628,快手-天拓,信息流,1,100.00%,0.00%
2021-01-11,降温精灵,700205,广点通-辉煌明天,信息流,1,None,None
2021-01-11,降温精灵,700567,橙芯科技,联盟,4,75.00%,0.00%
2021-01-11,降温精灵,700008,魅族-降温精灵,厂商商店免费,189,41.80%,0.00%
2021-01-11,降温精灵,700490,优优互联,信息流,2,None,None
2021-01-11,降温精灵,700002,小米-降温精灵,厂商商店免费,51,52.94%,0.00%
2021-01-11,降温精灵,700273,今日头条-优联达,信息流,2,None,None
2021-01-11,降温精灵,700648,小米-微创,信息流,1,None,None
2021-01-11,降温精灵,700207,广点通-辉煌明天,信息流,1,100.00%,0.00%
2021-01-11,降温精灵,700601,今日头条-优联达,信息流,1,None,None
2021-01-11,降温神器,50000005,魅族商店,厂商商店,43,37.21%,0.00%
2021-01-11,降温神器,50000075,内推测试,内推,22,31.82%,0.00%
2021-01-11,降温神器,50000015,广点通-优联达,信息流,13,15.38%,0.00%
2021-01-11,降温神器,50000007,头条-傲屹,信息流,10,70.00%,0.00%
2021-01-11,降温神器,all,None,None,424,53.30%,0.00%
2021-01-11,降温神器,50000089,今日头条-鲲鹏,信息流,2,50.00%,0.00%
2021-01-11,降温神器,50000024,今日头条-辉煌明天,信息流,1,None,None
2021-01-11,降温神器,50000008,头条-傲屹,信息流,2,50.00%,0.00%
2021-01-11,降温神器,50000000,腾讯应用宝,厂商商店,16,50.00%,0.00%
2021-01-11,降温神器,50000095,魅族-优优互联,信息流,1,None,None
2021-01-11,降温神器,50000038,魅族-优优互联,信息流,1,100.00%,0.00%
2021-01-11,降温神器,50000009,头条-傲屹,信息流,2,None,None
2021-01-11,降温神器,50000002,小米商店,厂商商店,33,51.52%,0.00%
2021-01-11,降温神器,50000096,魅族-优优互联,信息流,1,None,None
2021-01-11,降温神器,50000067,cm内推马甲包,内推,43,55.81%,0.00%
2021-01-11,降温神器,50000012,今日头条-鲲鹏,信息流,1,None,None
2021-01-11,降温神器,50000003,oppo,厂商商店,224,62.95%,0.00%
2021-01-11,降温神器,50000074,内推测试,内推,6,16.67%,0.00%
2021-01-11,降温神器,50000013,今日头条-鲲鹏,信息流,3,None,None
2021-01-11,超强降温神器,11000002,oppo,厂商商店,7684,55.21%,0.00%
2021-01-11,超强降温神器,11000016,今日头条-鲲鹏,信息流,184,37.50%,0.00%
2021-01-11,超强降温神器,11000005,魅族商店,厂商商店,615,38.54%,0.00%
2021-01-11,超强降温神器,11000033,今日头条-鲲鹏,信息流,8,None,None
2021-01-11,超强降温神器,11000008,今日头条-哇棒,信息流,279,24.73%,0.00%
2021-01-11,超强降温神器,11000039,今日头条-总包,信息流,100,14.00%,0.00%
2021-01-11,超强降温神器,11000011,今日头条-维度,信息流,132,44.70%,0.00%
2021-01-11,超强降温神器,11000013,魅族-星火,信息流,1231,24.05%,0.00%
2021-01-11,超强降温神器,all,None,None,10484,48.49%,0.00%
2021-01-11,超强降温神器,11000015,今日头条-鲲鹏,信息流,235,38.72%,0.00%
2021-01-11,超强降温大师,all,None,None,92,53.26%,0.00%
2021-01-11,超强降温大师,10000009,oppo,厂商商店,36,63.89%,0.00%
2021-01-11,超强降温大师,10000012,魅族商店,厂商商店,42,50.00%,0.00%
2021-01-11,超强降温大师,10000026,魅族-星火,信息流,6,None,None
2021-01-11,每天清理极速版,13000005,魅族商店,厂商商店,288,42.01%,0.00%
2021-01-11,每天清理极速版,13000015,今日头条-鲲鹏,信息流,4064,38.68%,0.00%
2021-01-11,每天清理极速版,13000019,魅族-星火,信息流,1668,27.76%,0.00%
2021-01-11,每天清理极速版,all,None,None,6784,37.32%,0.00%
2021-01-11,每天清理极速版,13000020,今日头条-总包,信息流,86,44.19%,0.00%
2021-01-11,每天清理极速版,13000000,华为,厂商商店,507,53.25%,0.00%
2021-01-11,每天清理极速版,13000001,小米商店,厂商商店,165,41.21%,0.00%
2021-01-11,每天清理,60000034,今日头条-鲲鹏,信息流,1,None,None
2021-01-11,每天清理,60000007,今日头条-天拓,信息流,1,None,None
2021-01-11,每天清理,60000035,今日头条-鲲鹏,信息流,1,None,None
2021-01-11,每天清理,60000011,今日头条-优联达,信息流,2,None,None
2021-01-11,每天清理,60000043,广点通-优联达,信息流,1,None,None
2021-01-11,每天清理,60000021,头条-傲屹,信息流,3,None,None
2021-01-11,每天清理,60000044,今日头条-为盟,信息流,1,None,None
2021-01-11,每天清理,60000027,内推测试,内推,26,46.15%,0.00%
2021-01-11,每天清理,all,None,None,125,40.80%,0.00%
2021-01-11,每天清理,60000079,魅族商店,厂商商店,1,None,None
2021-01-11,每天清理,60000028,内推测试,内推,44,43.18%,0.00%
2021-01-11,每天清理,60000002,oppo,厂商商店,44,45.45%,0.00%
2021-01-11,极速降温大师,80041,今日头条-鲲鹏,信息流,1,None,None
2021-01-11,极速降温大师,80002,华为,厂商商店,20,55.00%,0.00%
2021-01-11,极速降温大师,80044,今日头条-鲲鹏,信息流,2,50.00%,0.00%
2021-01-11,极速降温大师,80006,头条-傲屹,信息流,2,50.00%,0.00%
2021-01-11,极速降温大师,80045,今日头条-鲲鹏,信息流,2,100.00%,0.00%
2021-01-11,极速降温大师,80007,头条-傲屹,信息流,2,100.00%,0.00%
2021-01-11,极速降温大师,80009,头条-傲屹,信息流,1,None,None
2021-01-11,极速降温大师,all,None,None,33,57.58%,0.00%
2021-01-11,极速降温大师,80028,头条-傲屹,信息流,1,100.00%,0.00%
2021-01-11,极速降温大师,80000,oppo,厂商商店,2,50.00%,0.00%
2021-01-11,暖阳天气,all,None,None,13,61.54%,0.00%
2021-01-11,暖阳天气,14000001,小米商店,厂商商店,1,None,None
2021-01-11,暖阳天气,14000002,oppo,厂商商店,10,70.00%,0.00%
2021-01-11,暖阳天气,14000004,魅族商店,厂商商店,1,100.00%,0.00%
2021-01-11,暖阳天气,14000010,今日头条-鲲鹏,信息流,1,None,None
2021-01-11,手机加速精灵,12000021,今日头条-鲲鹏,信息流,6,None,None
2021-01-11,手机加速精灵,all,None,None,3847,30.36%,0.00%
2021-01-11,手机加速精灵,12000002,oppo,厂商商店,26,50.00%,0.00%
2021-01-11,手机加速精灵,12000005,魅族商店,厂商商店,349,42.69%,0.00%
2021-01-11,手机加速精灵,12000007,魅族-星火,信息流,3462,28.91%,0.00%
2021-01-11,急速安全大师,all,None,None,3160,33.29%,0.00%
2021-01-11,急速安全大师,90016,魅族商店,厂商商店,172,34.30%,0.00%
2021-01-11,急速安全大师,90027,魅族-星火,信息流,1797,33.06%,0.00%
2021-01-11,急速安全大师,90033,今日头条-鲲鹏,信息流,1183,33.39%,0.00%
2021-01-11,垃圾清理大师,300000,华为-垃圾清理,厂商商店免费,84,39.29%,0.00%
2021-01-11,垃圾清理大师,300453,优优互联,信息流,1,None,None
2021-01-11,垃圾清理大师,300210,广点通—贝壳,信息流,2,50.00%,0.00%
2021-01-11,垃圾清理大师,300001,小米-垃圾清理,厂商商店免费,7,28.57%,0.00%
2021-01-11,垃圾清理大师,300455,优优互联,信息流,1,None,None
2021-01-11,垃圾清理大师,300217,广点通—贝壳,信息流,3,33.33%,0.00%
2021-01-11,垃圾清理大师,300002,oppo-垃圾清理,厂商商店免费,46,50.00%,0.00%
2021-01-11,垃圾清理大师,300466,魅族-星火,信息流,6,50.00%,0.00%
2021-01-11,垃圾清理大师,300218,广点通—贝壳,信息流,1,None,None
2021-01-11,垃圾清理大师,300004,魅族-垃圾清理,厂商商店免费,4,25.00%,0.00%
2021-01-11,垃圾清理大师,300480,内推测试,内推,64,54.69%,0.00%
2021-01-11,垃圾清理大师,300373,橙芯科技,运营商,7,None,None
2021-01-11,垃圾清理大师,300077,应用宝-垃圾清理,三方市场,59,38.98%,0.00%
2021-01-11,垃圾清理大师,all,,None,287,43.21%,0.00%
2021-01-11,垃圾清理大师,300436,广点通—贝壳,信息流,1,100.00%,0.00%
2021-01-11,垃圾清理大师,300206,广点通—贝壳,信息流,1,100.00%,0.00%
2021-01-11,加速大师,40002,魅族商店,厂商商店,1,None,None
2021-01-11,加速大师,40027,今日头条-优联达,信息流,1,None,None
2021-01-11,加速大师,40028,今日头条-优联达,信息流,1,None,None
2021-01-11,加速大师,40029,今日头条-优联达,信息流,1,None,None
2021-01-11,加速大师,all,None,None,8,None,None
2021-01-11,加速大师,40000,小米商店,厂商商店,4,None,None
2021-01-11,全能清理助手,20007,魅族-星火,信息流,2332,32.89%,0.00%
2021-01-11,全能清理助手,20009,今日头条-哇棒,信息流,569,4.75%,0.00%
2021-01-11,全能清理助手,20020,今日头条-鲲鹏,信息流,478,33.05%,0.00%
2021-01-11,全能清理助手,all,None,None,8635,41.92%,0.00%
2021-01-11,全能清理助手,20038,今日头条-总包,信息流,893,39.31%,0.00%
2021-01-11,全能清理助手,20002,oppo,厂商商店,3747,54.82%,0.00%
2021-01-11,全能清理助手,20005,魅族商店,厂商商店,606,42.74%,0.00%
2021-01-12,降温精灵,700491,优优互联,信息流,2,None,None
2021-01-12,降温精灵,700005,vivo-降温精灵,厂商商店免费,73,50.68%,0.00%
2021-01-12,降温精灵,all,None,None,832,50.48%,0.00%
2021-01-12,降温精灵,700274,今日头条-优联达,信息流,1,None,None
2021-01-12,降温精灵,700601,今日头条-优联达,信息流,1,None,None
2021-01-12,降温精灵,700206,广点通-辉煌明天,信息流,2,100.00%,0.00%
2021-01-12,降温精灵,700493,今日头条-舜风,信息流,2,None,None
2021-01-12,降温精灵,700006,百度-降温精灵,三方市场,2,100.00%,0.00%
2021-01-12,降温精灵,700000,应用宝-降温精灵,三方市场,51,37.25%,0.00%
2021-01-12,降温精灵,700341,广点通—贝壳,信息流,1,100.00%,0.00%
2021-01-12,降温精灵,700619,小米-微创,信息流,5,40.00%,0.00%
2021-01-12,降温精灵,700232,今日头条-辉煌明天,信息流,1,None,None
2021-01-12,降温精灵,700499,今日头条-舜风,信息流,6,66.67%,0.00%
2021-01-12,降温精灵,700008,魅族-降温精灵,厂商商店免费,191,47.64%,0.00%
2021-01-12,降温精灵,700002,小米-降温精灵,厂商商店免费,71,52.11%,0.00%
2021-01-12,降温精灵,700342,广点通—贝壳,信息流,1,None,None
2021-01-12,降温精灵,700633,小米-微创,信息流,1,None,None
2021-01-12,降温精灵,700244,今日头条-优联达,信息流,2,50.00%,0.00%
2021-01-12,降温精灵,700523,魅族-星火,信息流,1,None,None
2021-01-12,降温精灵,700039,今日头条-辉煌明天,信息流,1,None,None
2021-01-12,降温精灵,700003,华为-降温精灵,厂商商店免费,90,46.67%,0.00%
2021-01-12,降温精灵,700482,广点通—贝壳,信息流,1,100.00%,0.00%
2021-01-12,降温精灵,700647,小米-微创,信息流,1,None,None
2021-01-12,降温精灵,700245,今日头条-优联达,信息流,2,100.00%,0.00%
2021-01-12,降温精灵,700534,魅族-星火,信息流,15,20.00%,0.00%
2021-01-12,降温精灵,700080,广点通-西藏亦复,信息流,1,100.00%,0.00%
2021-01-12,降温精灵,700004,oppo-降温精灵,厂商商店免费,291,57.04%,0.00%
2021-01-12,降温精灵,700489,优优互联,信息流,2,50.00%,0.00%
2021-01-12,降温精灵,700273,今日头条-优联达,信息流,4,50.00%,0.00%
2021-01-12,降温精灵,700567,橙芯科技,联盟,9,55.56%,0.00%
2021-01-12,降温精灵,700205,广点通-辉煌明天,信息流,1,100.00%,0.00%
2021-01-12,降温神器,50000106,今日头条-为盟,信息流,1,None,None
2021-01-12,降温神器,50000000,腾讯应用宝,厂商商店,17,41.18%,0.00%
2021-01-12,降温神器,50000074,内推测试,内推,7,42.86%,0.00%
2021-01-12,降温神器,50000013,今日头条-鲲鹏,信息流,1,100.00%,0.00%
2021-01-12,降温神器,50000002,小米商店,厂商商店,28,42.86%,0.00%
2021-01-12,降温神器,50000075,内推测试,内推,24,41.67%,0.00%
2021-01-12,降温神器,50000015,广点通-优联达,信息流,8,12.50%,0.00%
2021-01-12,降温神器,50000003,oppo,厂商商店,222,54.95%,0.00%
2021-01-12,降温神器,50000089,今日头条-鲲鹏,信息流,1,None,None
2021-01-12,降温神器,50000018,今日头条-天拓,信息流,3,None,None
2021-01-12,降温神器,50000005,魅族商店,厂商商店,38,47.37%,0.00%
2021-01-12,降温神器,50000090,今日头条-鲲鹏,信息流,1,None,None
2021-01-12,降温神器,50000048,今日头条-天拓,信息流,1,None,None
2021-01-12,降温神器,50000007,头条-傲屹,信息流,15,46.67%,0.00%
2021-01-12,降温神器,50000091,今日头条-鲲鹏,信息流,1,None,None
2021-01-12,降温神器,all,None,None,419,50.12%,0.00%
2021-01-12,降温神器,50000067,cm内推马甲包,内推,50,58.00%,0.00%
2021-01-12,降温神器,50000009,头条-傲屹,信息流,1,None,None
2021-01-12,超强降温神器,11000015,今日头条-鲲鹏,信息流,208,37.02%,0.00%
2021-01-12,超强降温神器,11000005,魅族商店,厂商商店,594,44.28%,0.00%
2021-01-12,超强降温神器,11000016,今日头条-鲲鹏,信息流,212,40.57%,0.00%
2021-01-12,超强降温神器,11000008,今日头条-哇棒,信息流,353,30.31%,0.00%
2021-01-12,超强降温神器,11000033,今日头条-鲲鹏,信息流,9,66.67%,0.00%
2021-01-12,超强降温神器,11000011,今日头条-维度,信息流,205,28.78%,0.00%
2021-01-12,超强降温神器,11000039,今日头条-总包,信息流,68,11.76%,0.00%
2021-01-12,超强降温神器,11000013,魅族-星火,信息流,953,29.59%,0.00%
2021-01-12,超强降温神器,all,None,None,11935,53.58%,0.00%
2021-01-12,超强降温神器,11000014,今日头条-鲲鹏,信息流,6,None,None
2021-01-12,超强降温神器,11000002,oppo,厂商商店,9318,59.01%,0.00%
2021-01-12,超强降温大师,10000009,oppo,厂商商店,54,59.26%,0.00%
2021-01-12,超强降温大师,10000012,魅族商店,厂商商店,41,41.46%,0.00%
2021-01-12,超强降温大师,10000028,今日头条-鲲鹏,信息流,7,None,None
2021-01-12,超强降温大师,all,None,None,109,49.54%,0.00%
2021-01-12,每天清理极速版,13000015,今日头条-鲲鹏,信息流,5205,38.08%,0.00%
2021-01-12,每天清理极速版,13000000,华为,厂商商店,1032,59.11%,0.00%
2021-01-12,每天清理极速版,13000019,魅族-星火,信息流,1206,26.04%,0.00%
2021-01-12,每天清理极速版,13000001,小米商店,厂商商店,216,42.59%,0.00%
2021-01-12,每天清理极速版,13000020,今日头条-总包,信息流,441,44.44%,0.00%
2021-01-12,每天清理极速版,13000004,腾讯应用宝,厂商商店,6,None,None
2021-01-12,每天清理极速版,13000005,魅族商店,厂商商店,955,53.72%,0.00%
2021-01-12,每天清理极速版,13000014,今日头条-鲲鹏,信息流,7,None,None
2021-01-12,每天清理极速版,all,None,None,9069,40.94%,0.00%
2021-01-12,每天清理,all,None,None,118,50.00%,0.00%
2021-01-12,每天清理,60000034,今日头条-鲲鹏,信息流,1,None,None
2021-01-12,每天清理,60000000,腾讯应用宝,厂商商店,1,None,None
2021-01-12,每天清理,60000041,广点通-优联达,信息流,1,100.00%,0.00%
2021-01-12,每天清理,60000002,oppo,厂商商店,34,64.71%,0.00%
2021-01-12,每天清理,60000079,魅族商店,厂商商店,4,25.00%,0.00%
2021-01-12,每天清理,60000027,内推测试,内推,29,31.03%,0.00%
2021-01-12,每天清理,60000028,内推测试,内推,47,55.32%,0.00%
2021-01-12,每天清理,60000031,今日头条-辉煌明天,信息流,1,None,None
2021-01-12,极速降温大师,80002,华为,厂商商店,36,38.89%,0.00%
2021-01-12,极速降温大师,80042,今日头条-鲲鹏,信息流,1,None,None
2021-01-12,极速降温大师,80007,头条-傲屹,信息流,7,None,None
2021-01-12,极速降温大师,80045,今日头条-鲲鹏,信息流,2,None,None
2021-01-12,极速降温大师,80009,头条-傲屹,信息流,1,None,None
2021-01-12,极速降温大师,80028,头条-傲屹,信息流,1,None,None
2021-01-12,极速降温大师,all,None,None,51,27.45%,0.00%
2021-01-12,极速降温大师,80035,今日头条-辉煌明天,信息流,1,None,None
2021-01-12,极速降温大师,80000,oppo,厂商商店,1,None,None
2021-01-12,极速降温大师,80041,今日头条-鲲鹏,信息流,1,None,None
2021-01-12,暖阳天气,14000002,oppo,厂商商店,7,57.14%,0.00%
2021-01-12,暖阳天气,200561,None,None,2,50.00%,0.00%
2021-01-12,暖阳天气,all,None,None,9,55.56%,0.00%
2021-01-12,手机加速精灵,all,None,None,3783,30.77%,0.00%
2021-01-12,手机加速精灵,12000002,oppo,厂商商店,21,52.38%,0.00%
2021-01-12,手机加速精灵,12000005,魅族商店,厂商商店,377,41.11%,0.00%
2021-01-12,手机加速精灵,12000007,魅族-星火,信息流,3379,29.42%,0.00%
2021-01-12,急速安全大师,90016,魅族商店,厂商商店,223,31.84%,0.00%
2021-01-12,急速安全大师,90027,魅族-星火,信息流,1698,31.27%,0.00%
2021-01-12,急速安全大师,90032,今日头条-鲲鹏,信息流,6,None,None
2021-01-12,急速安全大师,90033,今日头条-鲲鹏,信息流,1154,29.46%,0.00%
2021-01-12,急速安全大师,all,None,None,3081,30.64%,0.00%
2021-01-12,垃圾清理大师,300000,华为-垃圾清理,厂商商店免费,115,40.87%,0.00%
2021-01-12,垃圾清理大师,all,,None,326,38.96%,0.00%
2021-01-12,垃圾清理大师,300463,今日头条-舜风,信息流,1,None,None
2021-01-12,垃圾清理大师,300217,广点通—贝壳,信息流,1,None,None
2021-01-12,垃圾清理大师,300001,小米-垃圾清理,厂商商店免费,5,60.00%,0.00%
2021-01-12,垃圾清理大师,300466,魅族-星火,信息流,4,None,None
2021-01-12,垃圾清理大师,300363,广点通—贝壳,信息流,1,None,None
2021-01-12,垃圾清理大师,300002,oppo-垃圾清理,厂商商店免费,61,40.98%,0.00%
2021-01-12,垃圾清理大师,300467,魅族-星火,信息流,1,None,None
2021-01-12,垃圾清理大师,300373,橙芯科技,运营商,8,25.00%,0.00%
2021-01-12,垃圾清理大师,300004,魅族-垃圾清理,厂商商店免费,15,40.00%,0.00%
2021-01-12,垃圾清理大师,300468,魅族-星火,信息流,1,100.00%,0.00%
2021-01-12,垃圾清理大师,300416,广点通—贝壳,信息流,1,None,None
2021-01-12,垃圾清理大师,300077,应用宝-垃圾清理,三方市场,58,39.66%,0.00%
2021-01-12,垃圾清理大师,300480,内推测试,内推,49,36.73%,0.00%
2021-01-12,垃圾清理大师,300436,广点通—贝壳,信息流,4,25.00%,0.00%
2021-01-12,垃圾清理大师,300204,广点通—贝壳,信息流,1,100.00%,0.00%
2021-01-12,加速大师,40002,魅族商店,厂商商店,1,100.00%,0.00%
2021-01-12,加速大师,40019,今日头条-天拓,信息流,1,None,None
2021-01-12,加速大师,40027,今日头条-优联达,信息流,1,100.00%,0.00%
2021-01-12,加速大师,all,None,None,3,66.67%,0.00%
2021-01-12,全能清理助手,20020,今日头条-鲲鹏,信息流,363,46.01%,0.00%
2021-01-12,全能清理助手,20002,oppo,厂商商店,3765,57.16%,0.00%
2021-01-12,全能清理助手,20038,今日头条-总包,信息流,801,36.33%,0.00%
2021-01-12,全能清理助手,20004,腾讯应用宝,厂商商店,6,None,None
2021-01-12,全能清理助手,20005,魅族商店,厂商商店,566,45.41%,0.00%
2021-01-12,全能清理助手,20007,魅族-星火,信息流,1657,37.84%,0.00%
2021-01-12,全能清理助手,20009,今日头条-哇棒,信息流,617,8.43%,0.00%
2021-01-12,全能清理助手,all,None,None,7779,45.62%,0.00%
2021-01-13,降温精灵,700008,魅族-降温精灵,厂商商店免费,184,45.11%,0.00%
2021-01-13,降温精灵,700535,魅族-星火,信息流,1,None,None
2021-01-13,降温精灵,700000,应用宝-降温精灵,三方市场,62,45.16%,0.00%
2021-01-13,降温精灵,700489,优优互联,信息流,5,40.00%,0.00%
2021-01-13,降温精灵,700342,广点通—贝壳,信息流,1,100.00%,0.00%
2021-01-13,降温精灵,700619,小米-微创,信息流,2,100.00%,0.00%
2021-01-13,降温精灵,700041,今日头条-辉煌明天,信息流,1,None,None
2021-01-13,降温精灵,700536,can平台,信息流,1,100.00%,0.00%
2021-01-13,降温精灵,700002,小米-降温精灵,厂商商店免费,78,50.00%,0.00%
2021-01-13,降温精灵,700491,优优互联,信息流,2,50.00%,0.00%
2021-01-13,降温精灵,700343,广点通—贝壳,信息流,2,None,None
2021-01-13,降温精灵,700633,小米-微创,信息流,3,33.33%,0.00%
2021-01-13,降温精灵,700203,广点通-辉煌明天,信息流,1,None,None
2021-01-13,降温精灵,700567,橙芯科技,联盟,2,50.00%,0.00%
2021-01-13,降温精灵,700003,华为-降温精灵,厂商商店免费,94,43.62%,0.00%
2021-01-13,降温精灵,700493,今日头条-舜风,信息流,1,100.00%,0.00%
2021-01-13,降温精灵,700347,广点通—贝壳,信息流,1,None,None
2021-01-13,降温精灵,700207,广点通-辉煌明天,信息流,2,50.00%,0.00%
2021-01-13,降温精灵,700568,橙芯科技,联盟,1,100.00%,0.00%
2021-01-13,降温精灵,700004,oppo-降温精灵,厂商商店免费,252,58.33%,0.00%
2021-01-13,降温精灵,700499,今日头条-舜风,信息流,4,100.00%,0.00%
2021-01-13,降温精灵,700440,阿里云-辉煌明天,信息流,1,None,None
2021-01-13,降温精灵,700244,今日头条-优联达,信息流,2,50.00%,0.00%
2021-01-13,降温精灵,700591,今日头条-舜风,信息流,1,None,None
2021-01-13,降温精灵,700005,vivo-降温精灵,厂商商店免费,98,36.73%,0.00%
2021-01-13,降温精灵,700534,魅族-星火,信息流,15,33.33%,0.00%
2021-01-13,降温精灵,all,None,None,822,48.66%,0.00%
2021-01-13,降温精灵,700482,广点通—贝壳,信息流,3,66.67%,0.00%
2021-01-13,降温精灵,700273,今日头条-优联达,信息流,1,100.00%,0.00%
2021-01-13,降温精灵,700609,广点通—贝壳,信息流,1,100.00%,0.00%
2021-01-13,降温神器,50000074,内推测试,内推,5,60.00%,0.00%
2021-01-13,降温神器,50000026,今日头条-辉煌明天,信息流,1,100.00%,0.00%
2021-01-13,降温神器,50000007,头条-傲屹,信息流,8,37.50%,0.00%
2021-01-13,降温神器,all,None,None,415,51.33%,0.00%
2021-01-13,降温神器,50000075,内推测试,内推,19,52.63%,0.00%
2021-01-13,降温神器,50000038,魅族-优优互联,信息流,3,None,None
2021-01-13,降温神器,50000008,头条-傲屹,信息流,4,50.00%,0.00%
2021-01-13,降温神器,50000000,腾讯应用宝,厂商商店,11,54.55%,0.00%
2021-01-13,降温神器,50000089,今日头条-鲲鹏,信息流,1,100.00%,0.00%
2021-01-13,降温神器,50000051,今日头条-优联达,信息流,1,None,None
2021-01-13,降温神器,50000013,今日头条-鲲鹏,信息流,1,None,None
2021-01-13,降温神器,50000002,小米商店,厂商商店,29,31.03%,0.00%
2021-01-13,降温神器,50000095,魅族-优优互联,信息流,1,None,None
2021-01-13,降温神器,50000067,cm内推马甲包,内推,46,43.48%,0.00%
2021-01-13,降温神器,50000015,广点通-优联达,信息流,10,50.00%,0.00%
2021-01-13,降温神器,50000003,oppo,厂商商店,225,58.67%,0.00%
2021-01-13,降温神器,50000068,cm内推马甲包,内推,1,None,None
2021-01-13,降温神器,50000018,今日头条-天拓,信息流,4,50.00%,0.00%
2021-01-13,降温神器,50000005,魅族商店,厂商商店,45,42.22%,0.00%
2021-01-13,超强降温神器,11000015,今日头条-鲲鹏,信息流,271,34.32%,0.00%
2021-01-13,超强降温神器,11000005,魅族商店,厂商商店,546,40.66%,0.00%
2021-01-13,超强降温神器,11000016,今日头条-鲲鹏,信息流,94,34.04%,0.00%
2021-01-13,超强降温神器,11000008,今日头条-哇棒,信息流,275,20.73%,0.00%
2021-01-13,超强降温神器,11000033,今日头条-鲲鹏,信息流,10,None,None
2021-01-13,超强降温神器,11000011,今日头条-维度,信息流,384,14.32%,0.00%
2021-01-13,超强降温神器,11000039,今日头条-总包,信息流,293,9.56%,0.00%
2021-01-13,超强降温神器,11000013,魅族-星火,信息流,1063,29.35%,0.00%
2021-01-13,超强降温神器,all,None,None,12594,48.25%,0.00%
2021-01-13,超强降温神器,11000014,今日头条-鲲鹏,信息流,9,77.78%,0.00%
2021-01-13,超强降温神器,11000002,oppo,厂商商店,9642,54.59%,0.00%
2021-01-13,超强降温大师,10000012,魅族商店,厂商商店,35,None,None
2021-01-13,超强降温大师,all,None,None,83,None,None
2021-01-13,超强降温大师,10000009,oppo,厂商商店,40,None,None
2021-01-13,每天清理极速版,13000019,魅族-星火,信息流,1203,27.51%,0.00%
2021-01-13,每天清理极速版,13000002,oppo,厂商商店,38,47.37%,0.00%
2021-01-13,每天清理极速版,13000020,今日头条-总包,信息流,417,41.97%,0.00%
2021-01-13,每天清理极速版,13000004,腾讯应用宝,厂商商店,6,None,None
2021-01-13,每天清理极速版,13000005,魅族商店,厂商商店,952,49.26%,0.00%
2021-01-13,每天清理极速版,all,None,None,10770,37.87%,0.00%
2021-01-13,每天清理极速版,13000014,今日头条-鲲鹏,信息流,23,None,None
2021-01-13,每天清理极速版,13000000,华为,厂商商店,994,48.09%,0.00%
2021-01-13,每天清理极速版,13000015,今日头条-鲲鹏,信息流,6827,36.31%,0.00%
2021-01-13,每天清理极速版,13000001,小米商店,厂商商店,310,40.32%,0.00%
2021-01-13,每天清理,60000079,魅族商店,厂商商店,2,None,None
2021-01-13,每天清理,60000002,oppo,厂商商店,13,None,None
2021-01-13,每天清理,60000011,今日头条-优联达,信息流,3,None,None
2021-01-13,每天清理,60000027,内推测试,内推,30,None,None
2021-01-13,每天清理,60000028,内推测试,内推,47,None,None
2021-01-13,每天清理,all,None,None,98,None,None
2021-01-13,每天清理,60000034,今日头条-鲲鹏,信息流,1,None,None
2021-01-13,每天清理,60000000,腾讯应用宝,厂商商店,2,None,None
2021-01-13,极速降温大师,80039,今日头条-辉煌明天,信息流,1,None,None
2021-01-13,极速降温大师,80006,头条-傲屹,信息流,1,None,None
2021-01-13,极速降温大师,80041,今日头条-鲲鹏,信息流,1,None,None
2021-01-13,极速降温大师,80007,头条-傲屹,信息流,1,None,None
2021-01-13,极速降温大师,80045,今日头条-鲲鹏,信息流,2,None,None
2021-01-13,极速降温大师,80009,头条-傲屹,信息流,1,None,None
2021-01-13,极速降温大师,all,None,None,43,None,None
2021-01-13,极速降温大师,80049,今日头条-为盟,信息流,1,None,None
2021-01-13,极速降温大师,80028,头条-傲屹,信息流,1,None,None
2021-01-13,极速降温大师,80000,oppo,厂商商店,1,None,None
2021-01-13,极速降温大师,80035,今日头条-辉煌明天,信息流,1,None,None
2021-01-13,极速降温大师,80002,华为,厂商商店,32,None,None
2021-01-13,暖阳天气,14000002,oppo,厂商商店,13,61.54%,0.00%
2021-01-13,暖阳天气,14000004,魅族商店,厂商商店,1,100.00%,0.00%
2021-01-13,暖阳天气,200561,None,None,5,20.00%,0.00%
2021-01-13,暖阳天气,all,None,None,23,56.52%,0.00%
2021-01-13,暖阳天气,99999,None,None,1,100.00%,0.00%
2021-01-13,暖阳天气,100005,None,None,1,100.00%,0.00%
2021-01-13,暖阳天气,14000001,小米商店,厂商商店,2,50.00%,0.00%
2021-01-13,手机加速精灵,12000002,oppo,厂商商店,21,52.38%,0.00%
2021-01-13,手机加速精灵,12000005,魅族商店,厂商商店,347,36.31%,0.00%
2021-01-13,手机加速精灵,12000007,魅族-星火,信息流,3413,29.65%,0.00%
2021-01-13,手机加速精灵,all,None,None,3786,30.40%,0.00%
2021-01-13,急速安全大师,90027,魅族-星火,信息流,1689,30.55%,0.00%
2021-01-13,急速安全大师,90033,今日头条-鲲鹏,信息流,1096,29.84%,0.00%
2021-01-13,急速安全大师,all,None,None,2988,30.66%,0.00%
2021-01-13,急速安全大师,90016,魅族商店,厂商商店,199,35.68%,0.00%
2021-01-13,垃圾清理大师,all,,None,291,42.61%,0.00%
2021-01-13,垃圾清理大师,300373,橙芯科技,运营商,8,37.50%,0.00%
2021-01-13,垃圾清理大师,300077,应用宝-垃圾清理,三方市场,65,38.46%,0.00%
2021-01-13,垃圾清理大师,300000,华为-垃圾清理,厂商商店免费,84,38.10%,0.00%
2021-01-13,垃圾清理大师,300436,广点通—贝壳,信息流,2,100.00%,0.00%
2021-01-13,垃圾清理大师,300210,广点通—贝壳,信息流,1,None,None
2021-01-13,垃圾清理大师,300001,小米-垃圾清理,厂商商店免费,11,36.36%,0.00%
2021-01-13,垃圾清理大师,300466,魅族-星火,信息流,5,40.00%,0.00%
2021-01-13,垃圾清理大师,300217,广点通—贝壳,信息流,2,50.00%,0.00%
2021-01-13,垃圾清理大师,300002,oppo-垃圾清理,厂商商店免费,53,52.83%,0.00%
2021-01-13,垃圾清理大师,300479,内推测试,内推,2,100.00%,0.00%
2021-01-13,垃圾清理大师,300363,广点通—贝壳,信息流,1,100.00%,0.00%
2021-01-13,垃圾清理大师,300004,魅族-垃圾清理,厂商商店免费,7,None,None
2021-01-13,垃圾清理大师,300480,内推测试,内推,47,44.68%,0.00%
2021-01-13,垃圾清理大师,300365,广点通—贝壳,信息流,2,100.00%,0.00%
2021-01-13,垃圾清理大师,300020,今日头条-点思,信息流,1,100.00%,0.00%
2021-01-13,加速大师,40002,魅族商店,厂商商店,1,None,None
2021-01-13,加速大师,40004,腾讯应用宝,三方市场,1,None,None
2021-01-13,加速大师,40027,今日头条-优联达,信息流,1,None,None
2021-01-13,加速大师,40028,今日头条-优联达,信息流,1,None,None
2021-01-13,加速大师,all,None,None,9,None,None
2021-01-13,加速大师,40000,小米商店,厂商商店,5,None,None
2021-01-13,全能清理助手,20009,今日头条-哇棒,信息流,930,5.38%,0.00%
2021-01-13,全能清理助手,20020,今日头条-鲲鹏,信息流,651,45.47%,0.00%
2021-01-13,全能清理助手,all,None,None,8683,44.32%,0.00%
2021-01-13,全能清理助手,20038,今日头条-总包,信息流,1391,38.82%,0.00%
2021-01-13,全能清理助手,20002,oppo,厂商商店,3943,57.47%,0.00%
2021-01-13,全能清理助手,20005,魅族商店,厂商商店,566,41.70%,0.00%
2021-01-13,全能清理助手,20007,魅族-星火,信息流,1195,38.49%,0.00%
2021-01-14,降温精灵,700042,今日头条-辉煌明天,信息流,1,None,None
2021-01-14,降温精灵,700489,优优互联,信息流,6,None,None
2021-01-14,降温精灵,700008,魅族-降温精灵,厂商商店免费,194,None,None
2021-01-14,降温精灵,700245,今日头条-优联达,信息流,3,None,None
2021-01-14,降温精灵,700002,小米-降温精灵,厂商商店免费,80,None,None
2021-01-14,降温精灵,700207,广点通-辉煌明天,信息流,1,None,None
2021-01-14,降温精灵,700568,橙芯科技,联盟,1,None,None
2021-01-14,降温精灵,700043,今日头条-云锐,信息流,1,None,None
2021-01-14,降温精灵,700490,优优互联,信息流,1,None,None
2021-01-14,降温精灵,700273,今日头条-优联达,信息流,7,None,None
2021-01-14,降温精灵,700003,华为-降温精灵,厂商商店免费,96,None,None
2021-01-14,降温精灵,700227,广点通—贝壳,信息流,1,None,None
2021-01-14,降温精灵,700611,内推,内推,1,None,None
2021-01-14,降温精灵,700101,广点通-辉煌明天,信息流,1,None,None
2021-01-14,降温精灵,700499,今日头条-舜风,信息流,7,None,None
2021-01-14,降温精灵,700342,广点通—贝壳,信息流,1,None,None
2021-01-14,降温精灵,700004,oppo-降温精灵,厂商商店免费,273,None,None
2021-01-14,降温精灵,700238,今日头条-辉煌明天,信息流,1,None,None
2021-01-14,降温精灵,all,None,None,858,None,None
2021-01-14,降温精灵,700619,小米-微创,信息流,8,None,None
2021-01-14,降温精灵,700156,今日头条-云锐,信息流,4,None,None
2021-01-14,降温精灵,700513,广点通-点思,信息流,1,None,None
2021-01-14,降温精灵,700411,橙芯科技,运营商,1,None,None
2021-01-14,降温精灵,700005,vivo-降温精灵,厂商商店免费,84,None,None
2021-01-14,降温精灵,700241,今日头条-优联达,信息流,1,None,None
2021-01-14,降温精灵,100000,None,None,1,None,None
2021-01-14,降温精灵,700633,小米-微创,信息流,3,None,None
2021-01-14,降温精灵,700157,今日头条-云锐,信息流,1,None,None
2021-01-14,降温精灵,700534,魅族-星火,信息流,20,None,None
2021-01-14,降温精灵,700482,广点通—贝壳,信息流,1,None,None
2021-01-14,降温精灵,700006,百度-降温精灵,三方市场,1,None,None
2021-01-14,降温精灵,700244,今日头条-优联达,信息流,2,None,None
2021-01-14,降温精灵,700000,应用宝-降温精灵,三方市场,51,None,None
2021-01-14,降温精灵,700647,小米-微创,信息流,1,None,None
2021-01-14,降温精灵,700203,广点通-辉煌明天,信息流,1,None,None
2021-01-14,降温精灵,700567,橙芯科技,联盟,1,None,None
2021-01-14,降温神器,50000038,魅族-优优互联,信息流,1,None,None
2021-01-14,降温神器,50000013,今日头条-鲲鹏,信息流,2,None,None
2021-01-14,降温神器,50000002,小米商店,厂商商店,36,None,None
2021-01-14,降温神器,50000112,魅族-星火,信息流,1,None,None
2021-01-14,降温神器,50000048,今日头条-天拓,信息流,1,None,None
2021-01-14,降温神器,50000015,广点通-优联达,信息流,10,None,None
2021-01-14,降温神器,50000003,oppo,厂商商店,257,None,None
2021-01-14,降温神器,99999,None,None,1,None,None
2021-01-14,降温神器,50000067,cm内推马甲包,内推,65,None,None
2021-01-14,降温神器,50000018,今日头条-天拓,信息流,1,None,None
2021-01-14,降温神器,50000005,魅族商店,厂商商店,31,None,None
2021-01-14,降温神器,50000074,内推测试,内推,7,None,None
2021-01-14,降温神器,50000022,广点通-优联达,信息流,3,None,None
2021-01-14,降温神器,50000007,头条-傲屹,信息流,18,None,None
2021-01-14,降温神器,all,None,None,478,None,None
2021-01-14,降温神器,50000075,内推测试,内推,27,None,None
2021-01-14,降温神器,50000024,今日头条-辉煌明天,信息流,1,None,None
2021-01-14,降温神器,50000008,头条-傲屹,信息流,3,None,None
2021-01-14,降温神器,50000000,腾讯应用宝,厂商商店,11,None,None
2021-01-14,降温神器,50000095,魅族-优优互联,信息流,2,None,None
2021-01-14,超强降温神器,11000002,oppo,厂商商店,11186,None,None
2021-01-14,超强降温神器,11000016,今日头条-鲲鹏,信息流,20,None,None
2021-01-14,超强降温神器,11000005,魅族商店,厂商商店,592,None,None
2021-01-14,超强降温神器,11000039,今日头条-总包,信息流,355,None,None
2021-01-14,超强降温神器,11000008,今日头条-哇棒,信息流,575,None,None
2021-01-14,超强降温神器,11000011,今日头条-维度,信息流,343,None,None
2021-01-14,超强降温神器,11000013,魅族-星火,信息流,928,None,None
2021-01-14,超强降温神器,all,None,None,14597,None,None
2021-01-14,超强降温神器,11000015,今日头条-鲲鹏,信息流,579,None,None
2021-01-14,每天清理极速版,13000002,oppo,厂商商店,57,None,None
2021-01-14,每天清理极速版,13000020,今日头条-总包,信息流,436,None,None
2021-01-14,每天清理极速版,13000004,腾讯应用宝,厂商商店,6,None,None
2021-01-14,每天清理极速版,13000005,魅族商店,厂商商店,834,None,None
2021-01-14,每天清理极速版,all,None,None,11483,None,None
2021-01-14,每天清理极速版,13000014,今日头条-鲲鹏,信息流,40,None,None
2021-01-14,每天清理极速版,13000000,华为,厂商商店,863,None,None
2021-01-14,每天清理极速版,13000015,今日头条-鲲鹏,信息流,7653,None,None
2021-01-14,每天清理极速版,13000001,小米商店,厂商商店,271,None,None
2021-01-14,每天清理极速版,13000019,魅族-星火,信息流,1321,None,None
2021-01-14,暖阳天气,14000001,小米商店,厂商商店,1,None,None
2021-01-14,暖阳天气,14000002,oppo,厂商商店,15,None,None
2021-01-14,暖阳天气,14000003,vivo商店,厂商商店,2,None,None
2021-01-14,暖阳天气,14000010,今日头条-鲲鹏,信息流,1,None,None
2021-01-14,暖阳天气,99999,None,None,1,None,None
2021-01-14,暖阳天气,all,None,None,20,None,None
2021-01-14,手机加速精灵,12000005,魅族商店,厂商商店,362,None,None
2021-01-14,手机加速精灵,12000007,魅族-星火,信息流,3385,None,None
2021-01-14,手机加速精灵,all,None,None,3786,None,None
2021-01-14,手机加速精灵,12000002,oppo,厂商商店,29,None,None
2021-01-14,急速安全大师,90033,今日头条-鲲鹏,信息流,61,None,None
2021-01-14,急速安全大师,all,None,None,1985,None,None
2021-01-14,急速安全大师,90016,魅族商店,厂商商店,164,None,None
2021-01-14,急速安全大师,90027,魅族-星火,信息流,1752,None,None
2021-01-14,垃圾清理大师,300481,cms内推,内推,1,None,None
2021-01-14,垃圾清理大师,300265,广点通-优联达,信息流,1,None,None
2021-01-14,垃圾清理大师,300077,应用宝-垃圾清理,三方市场,90,None,None
2021-01-14,垃圾清理大师,300000,华为-垃圾清理,厂商商店免费,107,None,None
2021-01-14,垃圾清理大师,all,,None,372,None,None
2021-01-14,垃圾清理大师,300373,橙芯科技,运营商,9,None,None
2021-01-14,垃圾清理大师,300198,今日头条-优联达,信息流,1,None,None
2021-01-14,垃圾清理大师,300001,小米-垃圾清理,厂商商店免费,10,None,None
2021-01-14,垃圾清理大师,300436,广点通—贝壳,信息流,2,None,None
2021-01-14,垃圾清理大师,300211,广点通—贝壳,信息流,1,None,None
2021-01-14,垃圾清理大师,300002,oppo-垃圾清理,厂商商店免费,66,None,None
2021-01-14,垃圾清理大师,300466,魅族-星火,信息流,2,None,None
2021-01-14,垃圾清理大师,300217,广点通—贝壳,信息流,1,None,None
2021-01-14,垃圾清理大师,300004,魅族-垃圾清理,厂商商店免费,12,None,None
2021-01-14,垃圾清理大师,300480,内推测试,内推,67,None,None
2021-01-14,垃圾清理大师,300221,广点通—贝壳,信息流,1,None,None
2021-01-14,垃圾清理大师,300071,今日头条-齐欣,信息流,1,None,None
2021-01-14,全能清理助手,20005,魅族商店,厂商商店,570,None,None
2021-01-14,全能清理助手,20007,魅族-星火,信息流,1580,None,None
2021-01-14,全能清理助手,20009,今日头条-哇棒,信息流,593,None,None
2021-01-14,全能清理助手,20020,今日头条-鲲鹏,信息流,571,None,None
2021-01-14,全能清理助手,all,None,None,9355,None,None
2021-01-14,全能清理助手,20038,今日头条-总包,信息流,2567,None,None
2021-01-14,全能清理助手,20002,oppo,厂商商店,3463,None,None
