Èí¼şid,¼Æ»®id,¼Æ»®Ãû³Æ,¹Ø¼ü´Êid,¹Ø¼ü´Ê,ÍÆ¹ãÒ³Ãæ
585,243,muse dash±ÚÖ½,id=16981,muse dash±ÚÖ½,http://www.ijinshan.com/yuanqidesktop/bz.html?softid=585&tid1=243&tid2=1001&tod1=16981
585,243,muse dash±ÚÖ½,id=16981,muse dash±ÚÖ½,http://www.ijinshan.com/yuanqidesktop/bz.html?softid=585&tid1=243&tid2=1002&tod1=16981
585,243,muse dash±ÚÖ½,id=16981,muse dash±ÚÖ½,http://www.ijinshan.com/yuanqidesktop/bz.html?softid=585&tid1=243&tid2=1003&tod1=16981
585,243,muse dash±ÚÖ½,id=16981,muse dash±ÚÖ½,http://www.ijinshan.com/yuanqidesktop/bz.html?softid=585&tid1=243&tid2=1004&tod1=16981
585,243,muse dash±ÚÖ½,id=16980,muse dash±ÚÖ½2k,http://www.ijinshan.com/yuanqidesktop/bz.html?softid=585&tid1=243&tid2=1001&tod1=16980
585,243,muse dash±ÚÖ½,id=16980,muse dash±ÚÖ½2k,http://www.ijinshan.com/yuanqidesktop/bz.html?softid=585&tid1=243&tid2=1002&tod1=16980
585,243,muse dash±ÚÖ½,id=16980,muse dash±ÚÖ½2k,http://www.ijinshan.com/yuanqidesktop/bz.html?softid=585&tid1=243&tid2=1003&tod1=16980
585,243,muse dash±ÚÖ½,id=16980,muse dash±ÚÖ½2k,http://www.ijinshan.com/yuanqidesktop/bz.html?softid=585&tid1=243&tid2=1004&tod1=16980
585,243,muse dash±ÚÖ½,id=16978,muse dash±ÚÖ½ÏÂÔØ,http://www.ijinshan.com/yuanqidesktop/bz.html?softid=585&tid1=243&tid2=1001&tod1=16978
585,243,muse dash±ÚÖ½,id=16978,muse dash±ÚÖ½ÏÂÔØ,http://www.ijinshan.com/yuanqidesktop/bz.html?softid=585&tid1=243&tid2=1002&tod1=16978
585,243,muse dash±ÚÖ½,id=16978,muse dash±ÚÖ½ÏÂÔØ,http://www.ijinshan.com/yuanqidesktop/bz.html?softid=585&tid1=243&tid2=1003&tod1=16978
585,243,muse dash±ÚÖ½,id=16978,muse dash±ÚÖ½ÏÂÔØ,http://www.ijinshan.com/yuanqidesktop/bz.html?softid=585&tid1=243&tid2=1004&tod1=16978
585,243,muse dash±ÚÖ½,id=16976,muse dash±ÚÖ½Í¼°ü,http://www.ijinshan.com/yuanqidesktop/bz.html?softid=585&tid1=243&tid2=1001&tod1=16976
585,243,muse dash±ÚÖ½,id=16976,muse dash±ÚÖ½Í¼°ü,http://www.ijinshan.com/yuanqidesktop/bz.html?softid=585&tid1=243&tid2=1002&tod1=16976
585,243,muse dash±ÚÖ½,id=16976,muse dash±ÚÖ½Í¼°ü,http://www.ijinshan.com/yuanqidesktop/bz.html?softid=585&tid1=243&tid2=1003&tod1=16976
585,243,muse dash±ÚÖ½,id=16976,muse dash±ÚÖ½Í¼°ü,http://www.ijinshan.com/yuanqidesktop/bz.html?softid=585&tid1=243&tid2=1004&tod1=16976
585,243,muse dash±ÚÖ½,id=16984,muse dash±ÚÖ½¸ßÇå,http://www.ijinshan.com/yuanqidesktop/bz.html?softid=585&tid1=243&tid2=1001&tod1=16984
585,243,muse dash±ÚÖ½,id=16984,muse dash±ÚÖ½¸ßÇå,http://www.ijinshan.com/yuanqidesktop/bz.html?softid=585&tid1=243&tid2=1002&tod1=16984
585,243,muse dash±ÚÖ½,id=16984,muse dash±ÚÖ½¸ßÇå,http://www.ijinshan.com/yuanqidesktop/bz.html?softid=585&tid1=243&tid2=1003&tod1=16984
585,243,muse dash±ÚÖ½,id=16984,muse dash±ÚÖ½¸ßÇå,http://www.ijinshan.com/yuanqidesktop/bz.html?softid=585&tid1=243&tid2=1004&tod1=16984
585,243,muse dash±ÚÖ½,id=16974,musedash,http://www.ijinshan.com/yuanqidesktop/bz.html?softid=585&tid1=243&tid2=1001&tod1=16974
585,243,muse dash±ÚÖ½,id=16974,musedash,http://www.ijinshan.com/yuanqidesktop/bz.html?softid=585&tid1=243&tid2=1002&tod1=16974
585,243,muse dash±ÚÖ½,id=16974,musedash,http://www.ijinshan.com/yuanqidesktop/bz.html?softid=585&tid1=243&tid2=1003&tod1=16974
585,243,muse dash±ÚÖ½,id=16974,musedash,http://www.ijinshan.com/yuanqidesktop/bz.html?softid=585&tid1=243&tid2=1004&tod1=16974
585,243,muse dash±ÚÖ½,id=16979,musedash ±ÚÖ½,http://www.ijinshan.com/yuanqidesktop/bz.html?softid=585&tid1=243&tid2=1001&tod1=16979
585,243,muse dash±ÚÖ½,id=16979,musedash ±ÚÖ½,http://www.ijinshan.com/yuanqidesktop/bz.html?softid=585&tid1=243&tid2=1002&tod1=16979
585,243,muse dash±ÚÖ½,id=16979,musedash ±ÚÖ½,http://www.ijinshan.com/yuanqidesktop/bz.html?softid=585&tid1=243&tid2=1003&tod1=16979
585,243,muse dash±ÚÖ½,id=16979,musedash ±ÚÖ½,http://www.ijinshan.com/yuanqidesktop/bz.html?softid=585&tid1=243&tid2=1004&tod1=16979
585,243,muse dash±ÚÖ½,id=16982,MuseDash¶¯Ì¬±ÚÖ½,http://www.ijinshan.com/yuanqidesktop/bz.html?softid=585&tid1=243&tid2=1001&tod1=16982
585,243,muse dash±ÚÖ½,id=16982,MuseDash¶¯Ì¬±ÚÖ½,http://www.ijinshan.com/yuanqidesktop/bz.html?softid=585&tid1=243&tid2=1002&tod1=16982
585,243,muse dash±ÚÖ½,id=16982,MuseDash¶¯Ì¬±ÚÖ½,http://www.ijinshan.com/yuanqidesktop/bz.html?softid=585&tid1=243&tid2=1003&tod1=16982
585,243,muse dash±ÚÖ½,id=16982,MuseDash¶¯Ì¬±ÚÖ½,http://www.ijinshan.com/yuanqidesktop/bz.html?softid=585&tid1=243&tid2=1004&tod1=16982
585,243,muse dash±ÚÖ½,id=16977,musedash±ÚÖ½,http://www.ijinshan.com/yuanqidesktop/bz.html?softid=585&tid1=243&tid2=1001&tod1=16977
585,243,muse dash±ÚÖ½,id=16977,musedash±ÚÖ½,http://www.ijinshan.com/yuanqidesktop/bz.html?softid=585&tid1=243&tid2=1002&tod1=16977
585,243,muse dash±ÚÖ½,id=16977,musedash±ÚÖ½,http://www.ijinshan.com/yuanqidesktop/bz.html?softid=585&tid1=243&tid2=1003&tod1=16977
585,243,muse dash±ÚÖ½,id=16977,musedash±ÚÖ½,http://www.ijinshan.com/yuanqidesktop/bz.html?softid=585&tid1=243&tid2=1004&tod1=16977
585,243,muse dash±ÚÖ½,id=16983,MuseDash¾«ÃÀ¶¯Âş±ÚÖ½,http://www.ijinshan.com/yuanqidesktop/bz.html?softid=585&tid1=243&tid2=1001&tod1=16983
585,243,muse dash±ÚÖ½,id=16983,MuseDash¾«ÃÀ¶¯Âş±ÚÖ½,http://www.ijinshan.com/yuanqidesktop/bz.html?softid=585&tid1=243&tid2=1002&tod1=16983
585,243,muse dash±ÚÖ½,id=16983,MuseDash¾«ÃÀ¶¯Âş±ÚÖ½,http://www.ijinshan.com/yuanqidesktop/bz.html?softid=585&tid1=243&tid2=1003&tod1=16983
585,243,muse dash±ÚÖ½,id=16983,MuseDash¾«ÃÀ¶¯Âş±ÚÖ½,http://www.ijinshan.com/yuanqidesktop/bz.html?softid=585&tid1=243&tid2=1004&tod1=16983
